event_id,company,ticker,group,member,event_category,event_subtype,event_title_en,event_title_zh,event_title_ko,start_date,peak_date,end_date,duration_days,event_window_before_days,event_window_after_days,sentiment_expected,severity_score,source_level,official_source_url,naver_source_url,notes,collector,status
TWICE_20210609_ALCOHOL_FREE,JYP,035900.KQ,TWICE,,comeback,title_track_release,TWICE Alcohol-Free and Taste of Love comeback,TWICE Alcohol-Free 與 Taste of Love 回歸,트와이스 Alcohol-Free 컴백,2021-05-31,2021-06-09,2021-06-18,19,3,14,positive,3.0,B_korean_news,https://koreajoongangdaily.joins.com/2021/05/31/entertainment/kpop/Twice-AlcoholFree-Taste-of-Love/20210531135500713.html,https://search.naver.com/search.naver?where=news&query=트와이스%20Alcohol-Free,Lead track announced for June 9 and album rollout created measurable comeback traffic,Paul,complete
TWICE_20211001_THE_FEELS,JYP,035900.KQ,TWICE,,comeback,english_single_release,TWICE releases first English single The Feels,TWICE 發布首支英文單曲 The Feels,트와이스 첫 영어 싱글 The Feels 발매,2021-10-01,2021-10-01,2021-10-11,11,3,14,positive,4.0,A_official,https://www.youtube.com/watch?v=f5_wn8mexmM,https://search.naver.com/search.naver?where=news&query=트와이스%20The%20Feels,First English single and US promotion window,Paul,complete
TWICE_20220712_CONTRACT_RENEWAL,JYP,035900.KQ,TWICE,,contract_member,group_contract_renewal,All TWICE members renew contracts with JYP,TWICE 全員與 JYP 續約,트와이스 전원 JYP 재계약,2022-07-12,2022-07-12,2022-07-19,8,3,14,positive,5.0,B_korean_news,https://en.yna.co.kr/view/AEN20220712004800315,https://search.naver.com/search.naver?where=news&query=트와이스%20재계약,Major company risk event because full group renewal reduced disbandment uncertainty,Paul,complete
TWICE_20230221_READY_TO_BE_TOUR,JYP,035900.KQ,TWICE,,concert,world_tour_announcement,TWICE announces Ready To Be world tour,TWICE 公布 Ready To Be 世界巡演,트와이스 Ready To Be 월드투어 발표,2023-02-21,2023-02-21,2023-03-03,11,3,14,positive,4.0,C_platform_data,https://www.upi.com/Entertainment_News/Music/2023/02/21/korea-Twice-Ready-to-Be-world-tour/4881677002969/,https://search.naver.com/search.naver?where=news&query=트와이스%20Ready%20To%20Be%20월드투어,Concert announcement suitable for event traffic and company revenue expectation,Paul,complete
TWICE_20230424_METLIFE_SOLDOUT,JYP,035900.KQ,TWICE,,concert,stadium_sold_out,TWICE sells out MetLife Stadium concert,TWICE MetLife Stadium 演唱會完售,트와이스 메트라이프 스타디움 매진,2023-04-24,2023-04-24,2023-05-01,8,3,14,positive,4.0,B_korean_news,https://koreajoongangdaily.joins.com/2023/04/24/entertainment/kpop/Korea-Kpop-JYP/20230424175850970.html,https://search.naver.com/search.naver?where=news&query=트와이스%20메트라이프%20매진,"Concert demand and ticket sold-out event, better fit than chart-achievement row",Paul,complete
AESPA_20210517_NEXT_LEVEL,SM,041510.KQ,aespa,,comeback,single_release,aespa releases Next Level,aespa 發布 Next Level,에스파 Next Level 발매,2021-05-06,2021-05-17,2021-05-31,26,3,14,positive,4.0,B_korean_news,https://koreajoongangdaily.joins.com/2021/05/06/entertainment/kpop/aespa-Next-Level-May-17/20210506145900393.html,https://search.naver.com/search.naver?where=news&query=에스파%20Next%20Level,Signature single and early breakout event,Paul,complete
AESPA_20220423_COACHELLA,SM,041510.KQ,aespa,,activity,festival_performance,aespa performs at Coachella 2022,aespa 登上 Coachella 2022,aespa 코첼라 2022 공연,2022-04-19,2022-04-23,2022-04-30,12,3,14,positive,4.0,C_platform_data,https://time.com/6174945/aespa-2/,https://search.naver.com/search.naver?where=news&query=에스파%20코첼라%202022,Global festival exposure with high media value,Paul,complete
AESPA_20230607_GISELLE_HEALTH,SM,041510.KQ,aespa,Giselle,PR_crisis,health_hiatus,Giselle pauses activities for health reasons,Giselle 因健康因素暫停活動,지젤 건강 문제 활동 중단,2023-06-07,2023-06-07,2023-06-21,15,3,14,negative,3.0,C_platform_data,https://www.soompi.com/article/1592167wpp/aespas-giselle-to-sit-out-upcoming-u-s-activities-due-to-health,https://search.naver.com/search.naver?where=news&query=에스파%20지젤%20건강%20활동중단,Health-related absence during overseas activity period,Paul,complete
AESPA_20240227_KARINA_DATING_BREAKUP,SM,041510.KQ,aespa,Karina,dating,confirmed_and_breakup,Karina and Lee Jae-wook dating news and breakup,Karina 與李宰旭戀愛公開後分手,카리나 이재욱 열애 결별,2024-02-27,2024-03-05,2024-04-02,36,3,14,mixed,4.0,B_korean_news,https://en.yna.co.kr/view/AEN20240402006500315,https://search.naver.com/search.naver?where=news&query=카리나%20이재욱%20열애%20결별,High discussion dating event with agency confirmation and breakup coverage,Paul,complete
AESPA_20240527_ARMAGEDDON,SM,041510.KQ,aespa,,comeback,first_full_album,aespa releases first full album Armageddon,aespa 發布首張正規專輯 Armageddon,에스파 첫 정규앨범 Armageddon 발매,2024-04-22,2024-05-27,2024-06-02,42,3,14,positive,5.0,B_korean_news,https://en.yna.co.kr/view/AEN20240527007200315,https://search.naver.com/search.naver?where=news&query=에스파%20Armageddon%20정규앨범,First full album and Supernova Armageddon promotion cycle,Paul,complete
BLACKPINK_20220819_PINK_VENOM,YG,122870.KQ,BLACKPINK,,comeback,pre_release_single,BLACKPINK releases Pink Venom,BLACKPINK 發布 Pink Venom,블랙핑크 Pink Venom 발매,2022-08-19,2022-08-19,2022-08-26,8,3,14,positive,4.0,C_platform_data,https://time.com/6207305/blackpink-born-pink-album/,https://search.naver.com/search.naver?where=news&query=블랙핑크%20Pink%20Venom,Pre-release single for Born Pink generated large global attention,Paul,complete
BLACKPINK_20220916_BORN_PINK,YG,122870.KQ,BLACKPINK,,comeback,album_release,BLACKPINK releases Born Pink,BLACKPINK 發布 Born Pink 專輯,블랙핑크 Born Pink 발매,2022-09-16,2022-09-16,2022-09-25,10,3,14,positive,5.0,C_platform_data,https://time.com/6214390/blackpink-born-pink-analysis/,https://search.naver.com/search.naver?where=news&query=블랙핑크%20Born%20Pink%20발매,Major group album comeback after long gap,Paul,complete
BLACKPINK_20230110_COACHELLA_HEADLINER,YG,122870.KQ,BLACKPINK,,concert,festival_headliner_announcement,BLACKPINK announced as Coachella 2023 headliner,BLACKPINK 成為 Coachella 2023 Headliner,블랙핑크 코첼라 2023 헤드라이너,2023-01-10,2023-04-15,2023-04-22,103,3,14,positive,5.0,C_platform_data,https://apnews.com/article/f9bc30abc325a83f4b968ff546ba3237,https://search.naver.com/search.naver?where=news&query=블랙핑크%20코첼라%20헤드라이너,Recategorized from achievement to concert because this is a festival headliner booking event,Paul,complete
BLACKPINK_20231206_GROUP_CONTRACT_RENEWAL,YG,122870.KQ,BLACKPINK,,contract_member,group_contract_renewal,BLACKPINK renews group contract with YG,BLACKPINK 與 YG 續簽團體活動合約,블랙핑크 YG 그룹 활동 재계약,2023-12-06,2023-12-06,2023-12-13,8,3,14,positive,5.0,B_korean_news,https://en.yna.co.kr/view/AEN20231206002200315,https://search.naver.com/search.naver?where=news&query=블랙핑크%20재계약,High market relevance because contract uncertainty was resolved for group activities,Paul,complete
BLACKPINK_20231229_INDIVIDUAL_CONTRACTS,YG,122870.KQ,BLACKPINK,,contract_member,individual_contracts_not_renewed,BLACKPINK members do not renew individual contracts with YG,BLACKPINK 成員個人合約不與 YG 續約,블랙핑크 개인 계약 YG 미체결,2023-12-29,2023-12-29,2024-01-05,8,3,14,mixed,4.0,D_secondary,https://www.koreaboo.com/news/yg-entertainment-confirms-4-blackpink-members-not-renew-contracts-individual-activities/,https://search.naver.com/search.naver?where=news&query=블랙핑크%20개인%20계약%20YG,Important follow-up to group renewal because solo activities moved outside YG,Paul,needs_review
NEWJEANS_20220722_ATTENTION_DEBUT,HYBE,352820.KS,NewJeans,,comeback,debut_release,NewJeans surprise debuts with Attention,NewJeans 以 Attention 驚喜出道,뉴진스 Attention 데뷔,2022-07-22,2022-07-22,2022-08-01,11,3,14,positive,5.0,C_platform_data,https://www.gmanetwork.com/news/lifestyle/hobbiesandactivities/839021/hybe-s-new-girl-group-newjeans-debuts-with-single-attention/story/,https://search.naver.com/search.naver?where=news&query=뉴진스%20Attention%20데뷔,Debut event for HYBE ADOR girl group,Paul,complete
NEWJEANS_20221219_DITTO,HYBE,352820.KS,NewJeans,,comeback,pre_release_single,NewJeans releases Ditto,NewJeans 發布 Ditto,뉴진스 Ditto 발매,2022-12-19,2022-12-19,2023-01-13,26,3,14,positive,4.0,C_platform_data,https://en.wikipedia.org/wiki/Ditto_(song),https://search.naver.com/search.naver?where=news&query=뉴진스%20Ditto%20발매,Major winter single and chart discussion event,Paul,needs_review
NEWJEANS_20240411_HYEIN_INJURY,HYBE,352820.KS,NewJeans,Hyein,PR_crisis,injury_hiatus,Hyein halts activities due to foot injury,Hyein 因腳部受傷暫停活動,혜인 발 부상 활동 중단,2024-04-11,2024-04-11,2024-04-25,15,3,14,negative,3.0,B_korean_news,https://en.yna.co.kr/view/AEN20240411003900315,https://search.naver.com/search.naver?where=news&query=뉴진스%20혜인%20부상%20활동중단,Member injury and activity pause before comeback promotions,Paul,complete
NEWJEANS_20240422_HYBE_ADOR_DISPUTE,HYBE,352820.KS,NewJeans,,contract_member,management_contract_dispute,HYBE and ADOR dispute involving NewJeans begins,HYBE 與 ADOR 爭議波及 NewJeans,하이브 어도어 뉴진스 분쟁,2024-04-22,2024-04-25,2024-05-31,40,3,14,negative,5.0,B_korean_news,https://koreajoongangdaily.joins.com/news/2024-04-26/business/industry/NewJeans-debut-was-postponed-because-of-Min-Heejins-ambitions-HYBE-says/2034718,https://search.naver.com/search.naver?where=news&query=하이브%20어도어%20뉴진스%20분쟁,Recategorized from legal_dispute to contract_member to match the project factor list,Paul,complete
NEWJEANS_20241128_CONTRACT_TERMINATION,HYBE,352820.KS,NewJeans,,contract_member,contract_termination_press_conference,NewJeans announces contract termination with ADOR,NewJeans 宣布終止與 ADOR 合約,뉴진스 어도어 전속계약 해지 발표,2024-11-28,2024-11-28,2024-12-05,8,3,14,negative,5.0,B_korean_news,https://koreajoongangdaily.joins.com/news/2024-11-28/business/industry/NewJeans-members-to-terminate-contract-with-ADOR/2188944,https://search.naver.com/search.naver?where=news&query=뉴진스%20어도어%20전속계약%20해지,Major contract and company risk event,Paul,complete
LESSERAFIM_20220502_FEARLESS_DEBUT,HYBE,352820.KS,LE SSERAFIM,,comeback,debut_release,LE SSERAFIM debuts with Fearless,LE SSERAFIM 以 Fearless 出道,르세라핌 Fearless 데뷔,2022-05-02,2022-05-02,2022-05-09,8,3,14,positive,5.0,C_platform_data,https://time.com/6184416/best-kpop-2022-so-far/,https://search.naver.com/search.naver?where=news&query=르세라핌%20Fearless%20데뷔,HYBE Source Music girl group debut,Paul,complete
LESSERAFIM_20220720_GARAM_TERMINATION,HYBE,352820.KS,LE SSERAFIM,Kim Garam,PR_crisis,bullying_contract_termination,Kim Garam leaves LE SSERAFIM after bullying controversy,金佳覽因霸凌爭議離開 LE SSERAFIM,김가람 르세라핌 탈퇴 계약해지,2022-07-20,2022-07-20,2022-07-27,8,3,14,negative,5.0,B_korean_news,https://koreajoongangdaily.joins.com/2022/07/20/entertainment/kpop/kim-garam-kim-garam-bully-hybe/20220720112744184.html,https://search.naver.com/search.naver?where=news&query=김가람%20르세라핌%20계약해지,Major PR crisis and member removal event,Paul,complete
LESSERAFIM_20221017_ANTIFRAGILE,HYBE,352820.KS,LE SSERAFIM,,comeback,first_ot5_comeback,LE SSERAFIM releases Antifragile,LE SSERAFIM 發布 Antifragile,르세라핌 Antifragile 발매,2022-10-17,2022-10-17,2022-10-31,15,3,14,positive,4.0,C_platform_data,https://www.teenvogue.com/story/le-sserafim-antifragile-ep-explores-hardships-growth,https://search.naver.com/search.naver?where=news&query=르세라핌%20Antifragile%20발매,First comeback as five members after controversy,Paul,complete
LESSERAFIM_20240219_SMART_MINOR_CONTROVERSY,HYBE,352820.KS,LE SSERAFIM,Eunchae,PR_crisis,minor_choreography_controversy,Smart choreography receives criticism over minor member concept,Smart 編舞因未成年成員概念引發批評,르세라핌 Smart 미성년자 안무 논란,2024-02-19,2024-02-20,2024-03-04,15,3,14,negative,4.0,C_platform_data,https://www.sportskeeda.com/pop-culture/news-a-minor-exploited-hybe-receives-criticism-le-sserafim-s-alleged-sensual-dance-choreography-smart-new-ep-easy,https://search.naver.com/search.naver?where=news&query=르세라핌%20Smart%20은채%20논란,PR discussion around choreography and minor-member image; mark as reviewable secondary source,Paul,needs_review
LESSERAFIM_20240413_COACHELLA_CRITICISM,HYBE,352820.KS,LE SSERAFIM,,PR_crisis,live_vocal_criticism,LE SSERAFIM Coachella performance receives mixed reviews,LE SSERAFIM Coachella 表演引發唱功爭議,르세라핌 코첼라 라이브 논란,2024-04-13,2024-04-15,2024-04-20,8,3,14,negative,4.0,B_korean_news,https://koreajoongangdaily.joins.com/news/2024-04-15/entertainment/kpop/Le-Sserafim-debuts-at-Coachella-to-mixed-reviews/2025545,https://search.naver.com/search.naver?where=news&query=르세라핌%20코첼라%20라이브%20논란,Live vocal controversy produced strong negative discussion,Paul,complete
TWICE_20210818_JEONGYEON_HIATUS,JYP,035900.KQ,TWICE,Jeongyeon,PR_crisis,health_hiatus,Jeongyeon takes hiatus due to panic and anxiety disorder,定延因恐慌與焦慮暫停活動,정연 공황 및 불안장애 활동 중단,2021-08-18,2021-08-18,2021-09-01,15,3,14,negative,3.0,B_korean_news,https://www.nme.com/news/music/twice-jeongyeon-second-hiatus-panic-anxiety-disorder-jyp-entertainment-3022785,https://search.naver.com/search.naver?where=news&query=트와이스%20정연%20활동중단%20불안장애,Health-related hiatus affected group activity discussion and fan concern,Paul,complete
TWICE_20220624_NAYEON_POP,JYP,035900.KQ,TWICE,Nayeon,activity,solo_debut,Nayeon makes solo debut with Pop,Nayeon 以 Pop 個人出道,나연 Pop 솔로 데뷔,2022-06-24,2022-06-24,2022-07-08,15,3,14,positive,4.0,B_korean_news,,https://search.naver.com/search.naver?where=news&query=나연%20Pop%20솔로%20데뷔,TWICE member solo debut with strong fanbase signal,Paul,complete
TWICE_20230324_SOFI_SOLDOUT,JYP,035900.KQ,TWICE,,concert,stadium_sold_out,TWICE becomes first girl group to sell out SoFi Stadium,TWICE 成為首個完售 SoFi Stadium 的女團,트와이스 소파이 스타디움 매진,2023-03-23,2023-03-24,2023-03-31,9,3,14,positive,4.0,C_platform_data,https://www.soompi.com/article/1574831wpp/twice-becomes-1st-girl-group-from-any-country-to-sell-out-californias-sofi-stadium,https://search.naver.com/search.naver?where=news&query=트와이스%20소파이%20스타디움%20매진,Sold-out ticketing event captures concert-demand factor,Paul,complete
TWICE_20230321_CHAEYOUNG_SHIRT,JYP,035900.KQ,TWICE,Chaeyoung,PR_crisis,controversial_clothing_apology,Chaeyoung apologizes for controversial shirt post,彩瑛爭議服裝發文後道歉,채영 논란 의상 사과,2023-03-21,2023-03-22,2023-03-29,9,3,14,negative,4.0,C_platform_data,https://www.instagram.com/chaeyo.0/,https://search.naver.com/search.naver?where=news&query=트와이스%20채영%20나치%20티셔츠%20사과,PR controversy tied to apology and international fan discussion,Paul,needs_review
TWICE_20230310_SET_ME_FREE,JYP,035900.KQ,TWICE,,comeback,album_release,TWICE releases Ready To Be and Set Me Free,TWICE 發布 Ready To Be 與 Set Me Free,트와이스 Ready To Be Set Me Free 발매,2023-03-10,2023-03-10,2023-03-24,15,3,14,positive,4.0,B_korean_news,,https://search.naver.com/search.naver?where=news&query=트와이스%20Set%20Me%20Free,Album release connected to world tour cycle,Paul,complete
TWICE_20230726_MISAMO_DEBUT,JYP,035900.KQ,TWICE,MISAMO,activity,subunit_debut,MISAMO debuts in Japan with Masterpiece,TWICE 小分隊 MISAMO 日本出道,미사모 Masterpiece 일본 데뷔,2023-07-26,2023-07-26,2023-08-09,15,3,14,positive,3.0,D_secondary,,https://search.naver.com/search.naver?where=news&query=미사모%20Masterpiece%20데뷔,TWICE Japanese subunit event,Paul,needs_review
TWICE_20240325_JIHYO_DATING_RUMOR,JYP,035900.KQ,TWICE,Jihyo,dating,dating_rumor_agency_no_comment,Jihyo and Yun Sung-bin dating rumor receives agency response,志效與尹誠彬戀愛傳聞及公司回應,지효 윤성빈 열애설 소속사 입장,2024-03-25,2024-03-25,2024-04-01,8,3,14,mixed,3.0,C_platform_data,https://www.gmanetwork.com/news/showbiz/chikaminute/901573/is-twice-s-jihyo-dating-olympian-yun-sung-bin-agencies-respond/story/,https://search.naver.com/search.naver?where=news&query=트와이스%20지효%20윤성빈%20열애설,Unconfirmed dating rumor; agency said private matter and did not confirm,Paul,complete
TWICE_20240223_ONE_SPARK,JYP,035900.KQ,TWICE,,comeback,album_release,TWICE releases One Spark and With YOU-th,TWICE 發布 One Spark 與 With YOU-th,트와이스 One Spark With YOU-th 발매,2024-02-23,2024-02-23,2024-03-08,15,3,14,positive,4.0,B_korean_news,,https://search.naver.com/search.naver?where=news&query=트와이스%20One%20Spark,Main comeback behind Billboard achievement,Paul,complete
TWICE_20241206_STRATEGY,JYP,035900.KQ,TWICE,,comeback,album_release,TWICE releases Strategy,TWICE 發布 Strategy,트와이스 Strategy 발매,2024-12-06,2024-12-06,2024-12-20,15,3,14,positive,4.0,B_korean_news,,https://search.naver.com/search.naver?where=news&query=트와이스%20Strategy%20발매,Late 2024 comeback event,Paul,complete
TWICE_20240405_CHAEYOUNG_ZIONT,JYP,035900.KQ,TWICE,Chaeyoung,dating,confirmed_dating,Chaeyoung and Zion.T confirmed to be dating,彩瑛與 Zion.T 確認戀愛,채영 자이언티 열애 인정,2024-04-05,2024-04-05,2024-04-12,8,3,14,mixed,4.0,B_korean_news,https://koreajoongangdaily.joins.com/news/2024-04-05/entertainment/kpop/Twices-Chaeyoung-and-singer-Zion-T-confirmed-to-be-dating/2019064,https://search.naver.com/search.naver?where=news&query=트와이스%20채영%20자이언티%20열애,Confirmed dating case with direct agency confirmation,Paul,complete
AESPA_20240412_WINTER_SURGERY,SM,041510.KQ,aespa,Winter,PR_crisis,health_surgery_break,Winter takes break after pneumothorax surgery,Winter 氣胸手術後暫停活動休養,윈터 기흉 수술 후 활동 휴식,2024-04-12,2024-04-12,2024-04-26,15,3,14,negative,3.0,B_korean_news,https://koreajoongangdaily.joins.com/news/2024-04-12/entertainment/kpop/aespas-Winter-will-take-a-break-to-recover-from-surgery/2024264,https://search.naver.com/search.naver?where=news&query=윈터%20기흉%20수술%20활동중단,Member health event with company statement and activity break,Paul,complete
AESPA_20240305_KARINA_APOLOGY,SM,041510.KQ,aespa,Karina,PR_crisis,dating_backlash_apology,Karina apologizes to fans after dating backlash,Karina 因戀愛消息引發反彈後道歉,카리나 열애 후 팬들에게 사과,2024-03-05,2024-03-05,2024-03-19,15,3,14,negative,5.0,B_korean_news,https://koreajoongangdaily.joins.com/news/2024-04-02/entertainment/kpop/aespas-Karina-actor-Lee-Jaewook-confirm-breakup/2016406,https://search.naver.com/search.naver?where=news&query=카리나%20열애%20사과문,Dating backlash became a separate PR event from the initial dating confirmation,Paul,complete
AESPA_20230225_SYNKK_HYPER_LINE,SM,041510.KQ,aespa,,concert,first_concert,aespa starts Synk Hyper Line concert,aespa 開始 Synk Hyper Line 演唱會,aespa SYNK HYPER LINE 콘서트,2023-02-25,2023-02-25,2023-03-05,9,3,14,positive,4.0,B_korean_news,,https://search.naver.com/search.naver?where=news&query=에스파%20SYNK%20HYPER%20LINE%20콘서트,First concert series and tour signal,Paul,complete
AESPA_20240402_KARINA_BREAKUP,SM,041510.KQ,aespa,Karina,dating,breakup,Karina and Lee Jae-wook confirm breakup,Karina 與李宰旭確認分手,카리나 이재욱 결별 인정,2024-04-02,2024-04-02,2024-04-09,8,3,14,mixed,4.0,B_korean_news,https://en.yna.co.kr/view/AEN20240402006500315,https://search.naver.com/search.naver?where=news&query=카리나%20이재욱%20결별,Breakup closed the dating controversy window and is useful as a separate event,Paul,complete
AESPA_20230508_MY_WORLD_SPICY,SM,041510.KQ,aespa,,comeback,mini_album_release,aespa releases My World and Spicy,aespa 發布 My World 與 Spicy,에스파 My World Spicy 발매,2023-05-08,2023-05-08,2023-05-22,15,3,14,positive,5.0,B_korean_news,,https://search.naver.com/search.naver?where=news&query=에스파%20Spicy%20My%20World,Major album sales and comeback event,Paul,complete
AESPA_20241211_WINTER_JUNGWON,SM,041510.KQ,aespa,Winter,dating,denied_dating_rumor,Winter and Jungwon dating rumor denied by agencies,Winter 與 Jungwon 戀愛傳聞遭公司否認,윈터 정원 열애설 소속사 부인,2024-12-11,2024-12-11,2024-12-18,8,3,14,mixed,4.0,B_korean_news,https://koreajoongangdaily.joins.com/news/2024-12-11/entertainment/kpop/SM-Entertainment-Belift-Lab-deny-dating-rumors-around-aespas-Winter-Enhypens-Jungwon/2198106,https://search.naver.com/search.naver?where=news&query=윈터%20정원%20열애설,Denied dating rumor with legal-action language from agencies,Paul,complete
AESPA_20250528_KARINA_JACKET,SM,041510.KQ,aespa,Karina,PR_crisis,political_symbol_controversy,Karina deletes Instagram photo amid political jacket controversy,Karina 因紅色 2 號外套政治爭議刪除照片,카리나 빨간 2번 재킷 정치 논란,2025-05-28,2025-05-28,2025-06-05,9,3,14,negative,4.0,B_korean_news,https://www.koreatimes.co.kr/entertainment/k-pop/20250528/aespas-karina-deletes-instagram-photo-amid-political-controversy-over-red-no-2-jacket,https://search.naver.com/search.naver?where=news&query=카리나%20빨간%202번%20재킷%20논란,Political-symbol interpretation controversy during Korean election period,Paul,complete
AESPA_20240513_SUPERNOVA,SM,041510.KQ,aespa,,comeback,pre_release_single,aespa releases Supernova,aespa 發布 Supernova,에스파 Supernova 발매,2024-05-13,2024-05-13,2024-05-27,15,3,14,positive,5.0,B_korean_news,,https://search.naver.com/search.naver?where=news&query=에스파%20Supernova,Pre-release hit before Armageddon,Paul,complete
AESPA_20241021_WHIPLASH,SM,041510.KQ,aespa,,comeback,mini_album_release,aespa releases Whiplash,aespa 發布 Whiplash,에스파 Whiplash 발매,2024-10-21,2024-10-21,2024-11-04,15,3,14,positive,4.0,B_korean_news,,https://search.naver.com/search.naver?where=news&query=에스파%20Whiplash%20발매,Late 2024 comeback event,Paul,complete
AESPA_20251205_WINTER_JUNGKOOK,SM,041510.KQ,aespa,Winter,dating,viral_dating_rumor_no_comment,Winter and Jungkook viral dating rumor spreads online,Winter 與 Jungkook 戀愛傳聞在網路發酵,윈터 정국 열애설 온라인 확산,2025-12-05,2025-12-05,2025-12-19,15,3,14,mixed,5.0,B_korean_news,https://en.yna.co.kr/view/AEN20251205006600315,https://search.naver.com/search.naver?where=news&query=윈터%20정국%20열애설,"Unconfirmed viral dating rumor; agencies reportedly offered no comment, so keep as rumor not fact",Paul,needs_review
BLACKPINK_20210312_ROSE_ON_THE_GROUND,YG,122870.KQ,BLACKPINK,Rose,activity,solo_debut,Rose makes solo debut with On The Ground,Rose 以 On The Ground 個人出道,로제 On The Ground 솔로 데뷔,2021-03-12,2021-03-12,2021-03-26,15,3,14,positive,4.0,B_korean_news,,https://search.naver.com/search.naver?where=news&query=로제%20On%20The%20Ground%20솔로,Member solo debut with high global attention,Paul,complete
BLACKPINK_20220523_JENNIE_V_RUMOR,YG,122870.KQ,BLACKPINK,Jennie,dating,dating_rumor_agency_no_comment,Jennie and BTS V dating rumor begins with viral Jeju photo,Jennie 與 BTS V 因濟州照片爆出戀愛傳聞,제니 뷔 제주도 사진 열애설,2022-05-23,2022-05-23,2022-06-06,15,3,14,mixed,5.0,C_platform_data,https://www.soompi.com/article/1527555wpp/yg-entertainment-gives-brief-response-to-jennie-and-vs-dating-rumors,https://search.naver.com/search.naver?where=news&query=제니%20뷔%20열애설,Major cross-fandom dating rumor; not confirmed by agencies,Paul,complete
BLACKPINK_20210910_LISA_LALISA,YG,122870.KQ,BLACKPINK,Lisa,activity,solo_debut,Lisa makes solo debut with Lalisa,Lisa 以 Lalisa 個人出道,리사 Lalisa 솔로 데뷔,2021-09-10,2021-09-10,2021-09-24,15,3,14,positive,5.0,B_korean_news,,https://search.naver.com/search.naver?where=news&query=리사%20Lalisa%20솔로,Major solo debut and YouTube scale event,Paul,complete
BLACKPINK_20220808_BORN_PINK_TOUR_ANNOUNCE,YG,122870.KQ,BLACKPINK,,concert,world_tour_announcement,BLACKPINK announces Born Pink world tour,BLACKPINK 公布 Born Pink 世界巡演,블랙핑크 Born Pink 월드투어 발표,2022-08-08,2022-08-08,2022-08-22,15,3,14,positive,5.0,B_korean_news,,https://search.naver.com/search.naver?where=news&query=블랙핑크%20Born%20Pink%20월드투어,World tour announcement before album release,Paul,complete
BLACKPINK_20230604_THE_IDOL,YG,122870.KQ,BLACKPINK,Jennie,PR_crisis,acting_role_controversy,Jennie's The Idol debut draws controversy,Jennie 出演 The Idol 引發爭議,제니 The Idol 출연 논란,2023-06-04,2023-06-05,2023-06-18,15,3,14,mixed,4.0,C_platform_data,https://www.billboard.com/music/music-news/blackpink-jennie-the-idol-acting-debut-fans-react-1235346472/,https://search.naver.com/search.naver?where=news&query=제니%20The%20Idol%20논란,Entertainment image controversy connected to individual member brand risk,Paul,needs_review
BLACKPINK_20230331_JISOO_FLOWER,YG,122870.KQ,BLACKPINK,Jisoo,activity,solo_debut,Jisoo makes solo debut with Flower,Jisoo 以 Flower 個人出道,지수 Flower 솔로 데뷔,2023-03-31,2023-03-31,2023-04-14,15,3,14,positive,5.0,B_korean_news,,https://search.naver.com/search.naver?where=news&query=지수%20Flower%20솔로,Final BLACKPINK member solo debut,Paul,complete
BLACKPINK_20230928_LISA_CRAZY_HORSE,YG,122870.KQ,BLACKPINK,Lisa,PR_crisis,performance_controversy,Lisa's Crazy Horse Paris performances spark controversy,Lisa 登上 Crazy Horse Paris 引發爭議,리사 크레이지 호스 공연 논란,2023-09-28,2023-09-30,2023-10-12,15,3,14,mixed,4.0,C_platform_data,https://www.allkpop.com/article/2023/09/blackpink-lisas-official-instagram-is-being-terrorized-by-chinese-netizens-following-crazy-horse-performance-announcement,https://search.naver.com/search.naver?where=news&query=리사%20크레이지호스%20논란,Solo activity controversy created regional fan backlash and discussion,Paul,needs_review
BLACKPINK_20230917_BORN_PINK_FINALE,YG,122870.KQ,BLACKPINK,,concert,tour_finale,BLACKPINK ends Born Pink world tour in Seoul,BLACKPINK 在首爾結束 Born Pink 世界巡演,블랙핑크 Born Pink 피날레 서울,2023-09-16,2023-09-17,2023-09-24,9,3,14,positive,5.0,B_korean_news,,https://search.naver.com/search.naver?where=news&query=블랙핑크%20Born%20Pink%20피날레,Major tour finale and revenue signal,Paul,complete
BLACKPINK_20240709_JENNIE_VAPING,YG,122870.KQ,BLACKPINK,Jennie,PR_crisis,indoor_vaping_apology,Jennie apologizes for indoor vaping incident,Jennie 室內電子菸事件道歉,제니 실내 흡연 논란 사과,2024-07-08,2024-07-09,2024-07-16,9,3,14,negative,5.0,B_korean_news,https://koreajoongangdaily.joins.com/news/2024-07-09/entertainment/kpop/Blackpinks-Jennie-apologizes-for-smoking-ecigarette-indoors/2086424,https://search.naver.com/search.naver?where=news&query=제니%20실내흡연%20사과,Agency apology and viral deleted-vlog clip make this a clear PR-crisis event,Paul,complete
BLACKPINK_20250219_DEADLINE_TOUR,YG,122870.KQ,BLACKPINK,,concert,world_tour_announcement,BLACKPINK announces Deadline world tour,BLACKPINK 公布 Deadline 世界巡演,블랙핑크 Deadline 월드투어 발표,2025-02-19,2025-02-19,2025-03-05,15,3,14,positive,5.0,B_korean_news,,https://search.naver.com/search.naver?where=news&query=블랙핑크%20Deadline%20월드투어,New world tour event after contract renewal,Paul,complete
NEWJEANS_20250207_NJZ_REBRAND,HYBE,352820.KS,NewJeans,,contract_member,rebrand_during_contract_dispute,NewJeans members announce NJZ rebrand amid ADOR dispute,NewJeans 成員在 ADOR 爭議中宣布改名 NJZ,뉴진스 NJZ 활동명 변경 발표,2025-02-07,2025-02-07,2025-02-21,15,3,14,negative,5.0,B_korean_news,https://time.com/7270186/njz-newjeans-exclusive-hybe-ador-legal-battle-complexcon-hongkong/,https://search.naver.com/search.naver?where=news&query=뉴진스%20NJZ%20활동명,Contract-dispute event rather than a normal comeback event,Paul,complete
NEWJEANS_20220801_COOKIE_CONTROVERSY,HYBE,352820.KS,NewJeans,,PR_crisis,lyrics_controversy,NewJeans Cookie lyrics controversy,NewJeans Cookie 歌詞爭議,뉴진스 Cookie 가사 논란,2022-08-01,2022-08-01,2022-08-15,15,3,14,negative,4.0,B_korean_news,,https://search.naver.com/search.naver?where=news&query=뉴진스%20Cookie%20가사%20논란,Early PR controversy around debut EP,Paul,complete
NEWJEANS_20230106_OMG_MV_CONTROVERSY,HYBE,352820.KS,NewJeans,,PR_crisis,music_video_controversy,NewJeans OMG music video draws mental illness aesthetic controversy,NewJeans OMG MV 引發精神疾病呈現爭議,뉴진스 OMG 뮤직비디오 논란,2023-01-06,2023-01-06,2023-01-20,15,3,14,negative,3.0,B_korean_news,https://koreajoongangdaily.joins.com/2023/01/06/entertainment/kpop/newjeans-new-jeans-min-heejin/20230106141700434.html,https://search.naver.com/search.naver?where=news&query=뉴진스%20OMG%20뮤직비디오%20논란,Second early-career content controversy after Cookie,Paul,complete
NEWJEANS_20230707_SUPER_SHY,HYBE,352820.KS,NewJeans,,comeback,pre_release_single,NewJeans releases Super Shy,NewJeans 發布 Super Shy,뉴진스 Super Shy 발매,2023-07-07,2023-07-07,2023-07-21,15,3,14,positive,5.0,B_korean_news,,https://search.naver.com/search.naver?where=news&query=뉴진스%20Super%20Shy,High global attention pre-release single,Paul,complete
NEWJEANS_20230721_ETA_IPHONE,HYBE,352820.KS,NewJeans,,activity,brand_collaboration_mv,NewJeans releases ETA music video filmed with iPhone,NewJeans ETA MV 與 iPhone 合作釋出,뉴진스 ETA 아이폰 뮤직비디오,2023-07-21,2023-07-21,2023-08-04,15,3,14,positive,3.0,A_official,https://www.youtube.com/watch?v=jOTfBlKSQYY,https://search.naver.com/search.naver?where=news&query=뉴진스%20ETA%20아이폰,Brand collaboration activity with measurable YouTube and search traffic,Paul,complete
NEWJEANS_20241010_HANNI_ASSEMBLY_SUMMONS,HYBE,352820.KS,NewJeans,Hanni,PR_crisis,workplace_bullying_summons,Hanni selected to testify at National Assembly over workplace bullying allegation,Hanni 因職場霸凌指控被選為國會證人,하니 직장 내 괴롭힘 국회 출석 결정,2024-10-10,2024-10-10,2024-10-15,6,3,14,negative,4.0,B_korean_news,https://koreajoongangdaily.joins.com/news/2024-10-10/entertainment/kpop/NewJeans-Hanni-to-testify-before-National-Assembly-over-workplace-harassment-allegation/2151870,https://search.naver.com/search.naver?where=news&query=뉴진스%20하니%20국회%20직장내괴롭힘,Pre-hearing escalation before the Oct 15 testimony event,Paul,complete
NEWJEANS_20250321_ADOR_INJUNCTION,HYBE,352820.KS,NewJeans,,contract_member,court_injunction,Court accepts ADOR injunction limiting NewJeans independent activity,法院接受 ADOR 假處分限制 NewJeans 獨立活動,뉴진스 어도어 가처분 인용,2025-03-21,2025-03-21,2025-03-28,8,3,14,negative,5.0,B_korean_news,https://time.com/7271058/newjeans-njz-hiatus-pause-complexcon-concert-ador-injunction-pit-stop/,https://search.naver.com/search.naver?where=news&query=뉴진스%20어도어%20가처분,Legal and contract control event directly relevant to HYBE/ADOR risk,Paul,complete
NEWJEANS_20240524_HOW_SWEET,HYBE,352820.KS,NewJeans,,comeback,single_release,NewJeans releases How Sweet,NewJeans 發布 How Sweet,뉴진스 How Sweet 발매,2024-05-24,2024-05-24,2024-06-07,15,3,14,positive,4.0,B_korean_news,,https://search.naver.com/search.naver?where=news&query=뉴진스%20How%20Sweet,Comeback during management dispute,Paul,complete
NEWJEANS_20250324_NJZ_HIATUS,HYBE,352820.KS,NewJeans,,contract_member,activity_pause,NJZ announces hiatus amid ADOR contract dispute,NJZ 因 ADOR 合約爭議宣布暫停活動,뉴진스 NJZ 활동 중단 발표,2025-03-24,2025-03-24,2025-04-07,15,3,14,negative,5.0,B_korean_news,https://time.com/7271058/newjeans-njz-hiatus-pause-complexcon-concert-ador-injunction-pit-stop/,https://search.naver.com/search.naver?where=news&query=뉴진스%20활동중단%20NJZ,Post-injunction activity pause is distinct from the initial contract-termination press conference,Paul,complete
NEWJEANS_20241015_HANNI_ASSEMBLY,HYBE,352820.KS,NewJeans,Hanni,PR_crisis,workplace_bullying_testimony,Hanni testifies at National Assembly, Hanni 國會作證職場霸凌議題,하니 국정감사 직장 내 괴롭힘,2024-10-15,2024-10-15,2024-10-22,8,3,14,negative,5.0,B_korean_news,,https://search.naver.com/search.naver?where=news&query=하니%20국정감사%20직장%20괴롭힘,High profile testimony connected to ADOR dispute,Paul,complete
LESSERAFIM_20240717_SOURCE_ADOR_LAWSUIT,HYBE,352820.KS,LE SSERAFIM,,contract_member,inter_label_legal_action,Source Music sues ADOR CEO over LE SSERAFIM comments,Source Music 因 LE SSERAFIM 相關發言起訴 ADOR CEO,쏘스뮤직 민희진 르세라핌 발언 소송,2024-07-17,2024-07-17,2024-07-31,15,3,14,negative,4.0,C_platform_data,https://www.gmanetwork.com/news/showbiz/showbizabroad/913622/hybe-label-source-music-sues-ador-ceo-min-hee-jin-over-le-sserafim-comments/story/,https://search.naver.com/search.naver?where=news&query=쏘스뮤직%20민희진%20르세라핌%20소송,Inter-label legal action tied to LE SSERAFIM reputation during HYBE/ADOR conflict,Paul,needs_review
LESSERAFIM_20220520_GARAM_HIATUS,HYBE,352820.KS,LE SSERAFIM,Kim Garam,PR_crisis,bullying_hiatus,Kim Garam goes on hiatus amid school bullying controversy,金佳覽因校園霸凌爭議暫停活動,김가람 학폭 논란 활동 중단,2022-05-20,2022-05-20,2022-06-03,15,3,14,negative,5.0,B_korean_news,https://www.rollingstone.com/music/music-news/le-sserafim-kim-garam-bullying-accusation-1385886/,https://search.naver.com/search.naver?where=news&query=르세라핌%20김가람%20학폭%20활동중단,Major debut-period bullying controversy before contract termination,Paul,complete
LESSERAFIM_20230812_FLAME_RISES,HYBE,352820.KS,LE SSERAFIM,,concert,first_tour_start,LE SSERAFIM starts Flame Rises tour,LE SSERAFIM 開始 Flame Rises 巡演,르세라핌 Flame Rises 투어,2023-08-12,2023-08-12,2023-08-26,15,3,14,positive,4.0,B_korean_news,,https://search.naver.com/search.naver?where=news&query=르세라핌%20Flame%20Rises%20투어,First tour event with revenue implications,Paul,complete
LESSERAFIM_20240829_EUNCHAE_APOLOGY,HYBE,352820.KS,LE SSERAFIM,Eunchae,PR_crisis,school_remark_apology,Eunchae apologizes for student-mocking controversy,恩採因學生發言爭議道歉,은채 학생 조롱 논란 사과,2024-08-29,2024-08-29,2024-09-05,8,3,14,negative,4.0,C_platform_data,https://www.koreaboo.com/news/le-sserafim-eunchae-apologize-student-mocking-controversy/,https://search.naver.com/search.naver?where=news&query=은채%20학생%20조롱%20논란%20사과,Member image controversy with apology; use as reviewable PR-crisis sample,Paul,needs_review
LESSERAFIM_20240219_EASY_RELEASE,HYBE,352820.KS,LE SSERAFIM,,comeback,mini_album_release,LE SSERAFIM releases Easy,LE SSERAFIM 發布 Easy,르세라핌 Easy 발매,2024-02-19,2024-02-19,2024-03-04,15,3,14,positive,4.0,B_korean_news,,https://search.naver.com/search.naver?where=news&query=르세라핌%20Easy%20발매,Mini album comeback before Hot 100 achievement,Paul,complete
LESSERAFIM_20240403_KAZUHA_DATING,HYBE,352820.KS,LE SSERAFIM,Kazuha,dating,denied_dating_rumor,HYBE denies Kazuha and &TEAM K dating rumor,HYBE 否認 Kazuha 與 &TEAM K 戀愛傳聞,카즈하 케이 열애설 하이브 부인,2024-04-03,2024-04-03,2024-04-10,8,3,14,mixed,4.0,B_korean_news,https://koreajoongangdaily.joins.com/news/2024-04-03/entertainment/kpop/Le-Sserafims-Kazuha-and-Teams-K-are-not-dating-HYBE-says/2017314,https://search.naver.com/search.naver?where=news&query=카즈하%20케이%20열애설,Denied dating rumor from Japanese report; useful cross-border rumor sample,Paul,complete
LESSERAFIM_20240729_DOCUMENTARY,HYBE,352820.KS,LE SSERAFIM,,activity,documentary_release,LE SSERAFIM releases Make It Look Easy documentary,LE SSERAFIM 發布紀錄片 Make It Look Easy,르세라핌 Make It Look Easy 다큐멘터리,2024-07-29,2024-07-29,2024-08-12,15,3,14,mixed,3.0,B_korean_news,,https://search.naver.com/search.naver?where=news&query=르세라핌%20Make%20It%20Look%20Easy%20다큐,Documentary produced discussion around group pressure and image,Paul,complete
LESSERAFIM_20240830_CRAZY,HYBE,352820.KS,LE SSERAFIM,,comeback,mini_album_release,LE SSERAFIM releases Crazy,LE SSERAFIM 發布 Crazy,르세라핌 Crazy 발매,2024-08-30,2024-08-30,2024-09-13,15,3,14,positive,5.0,B_korean_news,,https://search.naver.com/search.naver?where=news&query=르세라핌%20Crazy%20발매,Major comeback after Coachella criticism,Paul,complete
LESSERAFIM_20231016_CHAEWON_HEALTH,HYBE,352820.KS,LE SSERAFIM,Kim Chaewon,PR_crisis,health_hiatus,Kim Chaewon suspends activities for health recovery,金采源因健康恢復暫停活動,김채원 건강 문제 활동 중단,2023-10-16,2023-10-16,2023-10-26,11,3,14,negative,3.0,A_official,https://weverse.io/lesserafim/notice/15750,https://search.naver.com/search.naver?where=news&query=르세라핌%20김채원%20활동중단%20건강,Health hiatus and return window affects group schedule discussion,Paul,complete
LESSERAFIM_20250314_HOT,HYBE,352820.KS,LE SSERAFIM,,comeback,mini_album_release,LE SSERAFIM releases Hot,LE SSERAFIM 發布 Hot,르세라핌 Hot 발매,2025-03-14,2025-03-14,2025-03-28,15,3,14,positive,4.0,B_korean_news,,https://search.naver.com/search.naver?where=news&query=르세라핌%20Hot%20발매,2025 comeback event within analysis window,Paul,complete
SEVENTEEN_20210228_MINGYU_BULLYING_ALLEGATION_PLEDIS_ADDRESSES_M,HYBE,352820.KS,SEVENTEEN,Mingyu,PR_crisis,bullying_allegation,PLEDIS addresses Mingyu school bullying allegations,PLEDIS 回應 Mingyu 校園霸凌爭議,플레디스 민규 학교폭력 의혹 입장 발표,2021-02-28,2021-02-28,2021-03-14,15,3,14,negative,4.0,B_media,https://www.abs-cbn.com/2021/2/28/fresh-scoops/agency-issues-statement-on-allegations-surrounding-191990,,PLEDIS issued a statement and Mingyu temporarily paused activities while allegations were investigated.,Elisa,completed
SEVENTEEN_20210406_MINGYU_ALLEGATION_CLEARED_MINGYU_RESUMES_ACTI,HYBE,352820.KS,SEVENTEEN,Mingyu,PR_crisis,allegation_cleared,Mingyu resumes activities after bullying allegations are addressed,Mingyu 校園霸凌爭議釐清後恢復活動,민규 학교폭력 의혹 해소 후 활동 재개,2021-04-06,2021-04-06,2021-04-20,15,3,14,positive,3.0,B_media,https://www.koreaboo.com/news/pledis-entertainment-announces-seventeen-mingyu-cleared-school-bullying-accusations-resume-activities/,,Follow-up PR event: PLEDIS announced Mingyu had cleared up the accusations and would resume activities.,Elisa,completed
SEVENTEEN_20210719_NAN_CONTRACT_RENEWAL_ALL_13_SEVENTEEN_MEMBERS,HYBE,352820.KS,SEVENTEEN,,contract_member,contract_renewal,All 13 SEVENTEEN members renew contracts with PLEDIS,SEVENTEEN 全員與 PLEDIS 續約,세븐틴 전원 플레디스와 재계약,2021-07-19,2021-07-19,2021-08-02,15,3,14,positive,5.0,B_media,https://celebconfirmed.com/news/Seventeen%27s-13-members-all-renew-contracts-with-Pledis-Entertainment-808,,Full-group contract renewal reduced uncertainty around group continuity.,Elisa,completed
SEVENTEEN_20220625_NAN_WORLD_TOUR_START_SEVENTEEN_BEGINS_BE_THE_,HYBE,352820.KS,SEVENTEEN,,concert,world_tour_start,SEVENTEEN begins Be The Sun world tour,SEVENTEEN 展開 Be The Sun 世界巡演,세븐틴 Be The Sun 월드투어 시작,2022-06-25,2022-06-25,2022-07-09,15,3,14,positive,4.0,B_media,https://en.wikipedia.org/wiki/Be_The_Sun_World_Tour,,World tour launch; relevant to concert demand and revenue.,Elisa,completed
SEVENTEEN_20230721_NAN_TOUR_START_SEVENTEEN_BEGINS_FOLLOW_TO_SEO,HYBE,352820.KS,SEVENTEEN,,concert,tour_start,SEVENTEEN begins FOLLOW TO SEOUL concert,SEVENTEEN 展開 FOLLOW TO SEOUL 演唱會,세븐틴 FOLLOW TO SEOUL 공연 시작,2023-07-21,2023-07-21,2023-08-04,15,3,14,positive,4.0,A_official,https://weverse.io/seventeen/notice/13667,,FOLLOW TO SEOUL held at Gocheok Sky Dome.,Elisa,completed
SEVENTEEN_20231123_NAN_JAPAN_DOME_TOUR_SEVENTEEN_BEGINS_FOLLOW_T,HYBE,352820.KS,SEVENTEEN,,concert,japan_dome_tour,SEVENTEEN begins FOLLOW TO JAPAN dome tour leg,SEVENTEEN 展開 FOLLOW TO JAPAN 巨蛋巡演,세븐틴 FOLLOW TO JAPAN 돔 투어 시작,2023-11-23,2023-11-23,2023-12-07,15,3,14,positive,4.0,B_media,https://en.wikipedia.org/wiki/Follow_Tour,,"Japan dome leg of FOLLOW tour, indicating strong regional concert demand.",Elisa,completed
SEVENTEEN_20240330_NAN_ENCORE_CONCERT_SEVENTEEN_HOLDS_FOLLOW_AGA,HYBE,352820.KS,SEVENTEEN,,concert,encore_concert,SEVENTEEN holds FOLLOW AGAIN TO INCHEON,SEVENTEEN 舉辦 FOLLOW AGAIN TO INCHEON,세븐틴 FOLLOW AGAIN TO INCHEON 개최,2024-03-30,2024-03-30,2024-04-13,15,3,14,positive,4.0,A_official,https://weverse.io/seventeen/notice/17592,,Official Weverse notice announced Incheon encore concerts.,Elisa,completed
SEVENTEEN_20240626_NAN_GOODWILL_AMBASSADOR_SEVENTEEN_APPOINTED_U,HYBE,352820.KS,SEVENTEEN,,activity,goodwill_ambassador,SEVENTEEN appointed UNESCO Goodwill Ambassador for Youth,SEVENTEEN 成為 UNESCO 青年親善大使,세븐틴 유네스코 청년 친선대사 임명,2024-06-26,2024-06-26,2024-07-10,15,3,14,positive,4.0,A_official,https://www.unesco.org/en/articles/k-pop-group-seventeen-become-unescos-first-ever-goodwill-ambassador-youth,,UNESCO appointment; fits activity/public-image category.,Elisa,completed
SEVENTEEN_20240628_NAN_FESTIVAL_PERFORMANCE_SEVENTEEN_PERFORMS_A,HYBE,352820.KS,SEVENTEEN,,concert,festival_performance,SEVENTEEN performs at Glastonbury Festival,SEVENTEEN 登上 Glastonbury 音樂節,세븐틴 글래스턴베리 페스티벌 공연,2024-06-28,2024-06-28,2024-07-12,15,3,14,positive,4.0,B_media,https://www.reuters.com/lifestyle/with-high-energy-song-dance-seventeen-brings-k-pop-glastonbury-2024-06-28/,,Reuters reported SEVENTEEN as the first K-pop group to perform at Glastonbury.,Elisa,completed
SEVENTEEN_20241012_NAN_WORLD_TOUR_START_SEVENTEEN_BEGINS_RIGHT_H,HYBE,352820.KS,SEVENTEEN,,concert,world_tour_start,SEVENTEEN begins RIGHT HERE world tour in Goyang,SEVENTEEN 於高陽展開 RIGHT HERE 世界巡演,세븐틴 RIGHT HERE 월드투어 고양 공연 시작,2024-10-12,2024-10-12,2024-10-26,15,3,14,positive,4.0,B_media,https://en.wikipedia.org/wiki/Right_Here_World_Tour,,RIGHT HERE world tour began in Goyang and continued into 2025.,Elisa,completed
SEVENTEEN_20250216_NAN_TOUR_END_SEVENTEEN_CONCLUDES_RIGHT_HERE_W,HYBE,352820.KS,SEVENTEEN,,concert,tour_end,SEVENTEEN concludes RIGHT HERE world tour in Bangkok,SEVENTEEN 於曼谷結束 RIGHT HERE 世界巡演,세븐틴 RIGHT HERE 월드투어 방콕 공연 종료,2025-02-16,2025-02-16,2025-03-02,15,3,14,positive,4.0,B_media,https://en.wikipedia.org/wiki/Right_Here_World_Tour,,Tour conclusion event; useful for concert-cycle traffic.,Elisa,completed
SEVENTEEN_20250505_S_COUPS_FASHION_EVENT_S_COUPS_MAKES_MET_GALA_,HYBE,352820.KS,SEVENTEEN,S.Coups,activity,fashion_event,S.Coups makes Met Gala debut with BOSS,S.Coups 以 BOSS 造型首次登上 Met Gala,에스쿱스 BOSS와 함께 멧 갈라 데뷔,2025-05-05,2025-05-05,2025-05-19,15,3,14,positive,3.0,B_media,https://www.vogue.com/article/s-coups-seventeen-met-gala-boss,,Fashion-event activity; S.Coups attended Met Gala 2025 with BOSS.,Elisa,completed
SEVENTEEN_20250819_MINGYU_BRAND_CAMPAIGN_MINGYU_FRONTS_CALVIN_KL,HYBE,352820.KS,SEVENTEEN,Mingyu,activity,brand_campaign,Mingyu fronts Calvin Klein Fall 2025 denim campaign,Mingyu 擔任 Calvin Klein 2025 秋季丹寧形象 campaign 主角,민규 캘빈클라인 2025 가을 데님 캠페인 참여,2025-08-19,2025-08-19,2025-09-02,15,3,14,positive,3.0,A_official,https://www.pvh.com/news/calvin-klein-denim-campaign-mingyu,,Brand campaign activity; PVH announced Mingyu as the star of Calvin Klein Fall 2025 denim campaign.,Elisa,completed
SEVENTEEN_20250913_NAN_WORLD_TOUR_START_SEVENTEEN_BEGINS_NEW_WOR,HYBE,352820.KS,SEVENTEEN,,concert,world_tour_start,SEVENTEEN begins NEW_ world tour in Incheon,SEVENTEEN 於仁川展開 NEW_ 世界巡演,세븐틴 NEW_ 월드투어 인천 공연 시작,2025-09-13,2025-09-13,2025-09-27,15,3,14,positive,4.0,A_official,https://weverse.io/seventeen/notice/28754,,Official Weverse notice for SEVENTEEN WORLD TOUR [NEW_] IN INCHEON.,Elisa,completed
SEVENTEEN_20251222_NAN_JAPAN_DOME_TOUR_END_SEVENTEEN_CONCLUDES_2,HYBE,352820.KS,SEVENTEEN,,concert,japan_dome_tour_end,SEVENTEEN concludes 2025 Japan dome tour across four major domes,SEVENTEEN 結束 2025 日本四大巨蛋巡演,세븐틴 2025 일본 4대 돔 투어 종료,2025-12-22,2025-12-22,2026-01-01,11,3,14,positive,4.0,B_media,https://timesofindia.indiatimes.com/entertainment/k-pop/music/news/seventeen-draws-420000-fans-across-japans-four-major-domes-eyes-asia-stadium-tour/articleshow/126127697.cms,,Late-2025 concert event; useful to avoid data being too concentrated before 2024.,Elisa,completed
BTS_20210927_NAN_OFFLINE_CONCERT_ANNOUNCEMENT_BTS_ANNOUNCE,HYBE,352820.KS,BTS,,concert,offline_concert_announcement,BTS announces Permission to Dance On Stage LA concerts,BTS 宣布 Permission to Dance On Stage LA 演唱會,방탄소년단 Permission to Dance On Stage LA 공연 발표,2021-09-27,2021-09-27,2021-10-11,15,3,14,positive,4.0,B_media,https://www.sofistadium.com/news/detail/bts-announce-bts-permission-to-dance-on-stage-la-coming-to-sofi-stadium-for-four-nights,,"Announcement of four LA stadium shows, marking BTS's return to offline concerts.",Elisa,completed
BTS_20211127_NAN_OFFLINE_CONCERT_START_BTS_BEGINS_PERMISSI,HYBE,352820.KS,BTS,,concert,offline_concert_start,BTS begins Permission to Dance On Stage LA concerts,BTS 展開 Permission to Dance On Stage LA 演唱會,방탄소년단 Permission to Dance On Stage LA 공연 시작,2021-11-27,2021-11-27,2021-12-11,15,3,14,positive,5.0,B_media,https://en.wikipedia.org/wiki/Permission_to_Dance_on_Stage,,Four-night SoFi Stadium concert run; strong concert revenue and traffic event.,Elisa,completed
BTS_20220310_NAN_SEOUL_CONCERT_START_BTS_BEGINS_PERMISSION,HYBE,352820.KS,BTS,,concert,seoul_concert_start,BTS begins Permission to Dance On Stage Seoul concerts,BTS 展開 Permission to Dance On Stage 首爾演唱會,방탄소년단 Permission to Dance On Stage 서울 공연 시작,2022-03-10,2022-03-10,2022-03-24,15,3,14,positive,4.0,B_media,https://en.wikipedia.org/wiki/Permission_to_Dance_on_Stage,,BTS returned to domestic live concerts in Seoul after COVID-era restrictions.,Elisa,completed
BTS_20220614_NAN_SOLO_ACTIVITY_TRANSITION_BTS_ANNOUNCES_FO,HYBE,352820.KS,BTS,,activity,solo_activity_transition,BTS announces focus on solo activities during 2022 FESTA,BTS 於 2022 FESTA 宣布重心轉向個人活動,방탄소년단 2022 FESTA에서 개인 활동 중심 계획 발표,2022-06-14,2022-06-14,2022-06-28,15,3,14,mixed,5.0,B_media,https://pitchfork.com/news/bts-are-not-on-hiatus-rep-says-following-band-members-statements/,,Market-sensitive activity transition from group promotions to individual activities.,Elisa,completed
BTS_20220731_J_HOPE_FESTIVAL_HEADLINER_J_HOPE_HEADLINES_LO,HYBE,352820.KS,BTS,j-hope,activity,festival_headliner,j-hope headlines Lollapalooza as a BTS solo activity,j-hope 以 BTS 成員個人活動登上 Lollapalooza 壓軸,제이홉 롤라팔루자 헤드라이너 공연,2022-07-31,2022-07-31,2022-08-14,15,3,14,positive,4.0,B_media,https://www.billboard.com/music/music-news/j-hope-bts-lollapalooza-2022-review-1235119962/,,High-profile solo public activity during BTS's individual-activity phase.,Elisa,completed
BTS_20221015_NAN_SPECIAL_CONCERT_BTS_HOLDS_YET_TO_COME_IN_,HYBE,352820.KS,BTS,,concert,special_concert,BTS holds Yet To Come in Busan concert,BTS 舉辦 Yet To Come in Busan 演唱會,방탄소년단 Yet To Come in Busan 공연,2022-10-15,2022-10-15,2022-10-29,15,3,14,positive,4.0,A_official,https://weverse.io/bts/notice/9298,,Large-scale Busan special concert supporting the World Expo bid.,Elisa,completed
BTS_20221017_NAN_MILITARY_SERVICE_PLAN_BIGHIT_MUSIC_CONFIR,HYBE,352820.KS,BTS,,contract_member,military_service_plan,BIGHIT MUSIC confirms BTS will fulfill mandatory military service,BIGHIT MUSIC 確認 BTS 將履行兵役義務,빅히트 뮤직 방탄소년단 병역 의무 이행 발표,2022-10-17,2022-10-17,2022-10-31,15,3,14,mixed,5.0,A_official,https://weverse.io/bts/notice/9371,,Major member-schedule announcement affecting group continuity and future activities.,Elisa,completed
BTS_20221213_JIN_MEMBER_ENLISTMENT_JIN_BEGINS_MANDATORY_MI,HYBE,352820.KS,BTS,Jin,contract_member,member_enlistment,Jin begins mandatory military service,Jin 入伍服役,진 군 입대,2022-12-13,2022-12-13,2022-12-27,15,3,14,mixed,4.0,B_media,https://www.theguardian.com/music/2022/dec/12/k-pop-star-jin-of-bts-starts-his-military-service-in-south-korea,,First BTS member enlistment; coded under contract/member status rather than separate military category.,Elisa,completed
BTS_20230518_V_DATING_RUMOR_AGENCY_RESPONSE_V_AND_JENNIE_D,HYBE,352820.KS,BTS,V,dating,dating_rumor_agency_response,V and Jennie dating rumors resurface after Paris video,V 與 Jennie 因巴黎影片再度傳出戀愛傳聞,뷔와 제니 파리 영상 이후 열애설 재점화,2023-05-18,2023-05-18,2023-06-01,15,3,14,mixed,3.0,B_media,https://www.elle.com/culture/celebrities/a43931120/jennie-v-agencies-yg-dating-paris-response/,,"Dating rumor with agency response; keep as rumor-level event, not confirmed relationship.",Elisa,completed
BTS_20230328_JUNG_KOOK_BRAND_AMBASSADOR_JUNG_KOOK_IS_ANNOU,HYBE,352820.KS,BTS,Jung Kook,activity,brand_ambassador,Jung Kook is announced as Calvin Klein global ambassador,Jung Kook 成為 Calvin Klein 全球品牌大使,정국 캘빈클라인 글로벌 앰버서더 선정,2023-03-28,2023-03-28,2023-04-11,15,3,14,positive,4.0,A_official,https://www.calvinklein.us/en/press/jungkook-calvin-klein,,Major individual brand activity by a BTS member.,Elisa,completed
BTS_20230920_NAN_CONTRACT_RENEWAL_ALL_SEVEN_BTS_MEMBERS_RE,HYBE,352820.KS,BTS,,contract_member,contract_renewal,All seven BTS members renew contracts with HYBE and BIGHIT MUSIC,BTS 七名成員全員與 HYBE / BIGHIT MUSIC 續約,방탄소년단 전원 하이브 및 빅히트 뮤직과 재계약,2023-09-20,2023-09-20,2023-10-04,15,3,14,positive,5.0,B_media,https://www.businesstimes.com.sg/lifestyle/all-bts-members-renew-contracts-hybe-agency,,Contract renewal reduces uncertainty around BTS's post-service group continuity.,Elisa,completed
BTS_20240823_SUGA_DUI_INCIDENT_SUGA_APPEARS_BEFORE_POLICE_,HYBE,352820.KS,BTS,SUGA,PR_crisis,dui_incident,SUGA appears before police over e-scooter drunk driving incident,SUGA 因酒後騎乘電動滑板車事件到警局接受調查,슈가 전동 스쿠터 음주운전 사건 경찰 출석,2024-08-23,2024-08-23,2024-09-06,15,3,14,negative,5.0,B_media,https://www.reuters.com/world/asia-pacific/bts-member-suga-appears-before-police-e-scooter-drunk-driving-2024-08-23/,,High-profile PR crisis involving police questioning over drunk driving on an electric scooter.,Elisa,completed
BTS_20240930_SUGA_FINE_SUGA_IS_FINED_FOR_E_SCOOTER_DRUNK_D,HYBE,352820.KS,BTS,SUGA,PR_crisis,fine,SUGA is fined for e-scooter drunk driving incident,SUGA 因酒後騎乘電動滑板車事件遭罰款,슈가 전동 스쿠터 음주운전 사건 벌금 처분,2024-09-30,2024-09-30,2024-10-14,15,3,14,negative,4.0,B_media,https://www.reuters.com/world/asia-pacific/bts-member-suga-fined-11500-drunk-driving-e-scooter-2024-09-30/,,Follow-up PR crisis event after court fine.,Elisa,completed
BTS_20250228_J_HOPE_SOLO_TOUR_START_J_HOPE_BEGINS_HOPE_ON_,HYBE,352820.KS,BTS,j-hope,concert,solo_tour_start,j-hope begins HOPE ON THE STAGE solo tour in Seoul,j-hope 於首爾展開 HOPE ON THE STAGE 個人巡演,제이홉 HOPE ON THE STAGE 서울 공연 시작,2025-02-28,2025-02-28,2025-03-14,15,3,14,positive,4.0,B_media,https://apnews.com/article/fda4409d8b8e32eec9d8c2265454f025,,First BTS member solo tour after military service period; relevant as concert/activity demand.,Elisa,completed
BTS_20250628_JIN_SOLO_FAN_CONCERT_TOUR_START_JIN_BEGINS_RU,HYBE,352820.KS,BTS,Jin,concert,solo_fan_concert_tour_start,Jin begins RUNSEOKJIN_EP.TOUR in Goyang,Jin 於高陽展開 RUNSEOKJIN_EP.TOUR,진 RUNSEOKJIN_EP.TOUR 고양 공연 시작,2025-06-28,2025-06-28,2025-07-12,15,3,14,positive,4.0,B_media,https://en.wikipedia.org/wiki/RunSeokjin_Ep._Tour,,Jin's first solo fan concert world tour after military discharge.,Elisa,completed
STRAY_KIDS_20210227_HYUNJIN_BULLYING_ALLEGATION_ACTIVITY_PAUSE_HY,JYP,035900.KQ,Stray Kids,Hyunjin,PR_crisis,bullying_allegation_activity_pause,Hyunjin pauses activities amid school bullying allegations,Hyunjin 因校園霸凌爭議暫停活動,현진 학교폭력 의혹으로 활동 중단,2021-02-27,2021-02-27,2021-03-13,15,3,14,negative,5.0,B_media,https://www.soompi.com/article/1456971wpp/jyp-announces-stray-kidss-hyunjin-will-be-halting-all-activities,,Major PR crisis; JYP announced Hyunjin would halt activities after school bullying allegations.,Elisa,completed
STRAY_KIDS_20210626_HYUNJIN_ACTIVITY_RESUME_HYUNJIN_RESUMES_STRAY,JYP,035900.KQ,Stray Kids,Hyunjin,activity,activity_resume,Hyunjin resumes Stray Kids activities,Hyunjin 恢復 Stray Kids 活動,현진 스트레이 키즈 활동 재개,2021-06-26,2021-06-26,2021-07-10,15,3,14,positive,3.0,B_media,https://www.soompi.com/article/1476285wpp/stray-kidss-hyunjin-to-resume-activities-in-july,,Follow-up activity event after PR crisis; useful to capture recovery-related traffic.,Elisa,completed
STRAY_KIDS_20220307_NAN_WORLD_TOUR_ANNOUNCEMENT_STRAY_KIDS_ANNOUN,JYP,035900.KQ,Stray Kids,,concert,world_tour_announcement,Stray Kids announces Maniac world tour,Stray Kids 宣布 Maniac 世界巡演,스트레이 키즈 Maniac 월드투어 발표,2022-03-07,2022-03-07,2022-03-21,15,3,14,positive,4.0,B_media,https://www.soompi.com/article/1517711wpp/stray-kids-announces-2nd-world-tour-maniac,,World tour announcement after pandemic restrictions; relevant to concert demand.,Elisa,completed
STRAY_KIDS_20220429_NAN_WORLD_TOUR_START_STRAY_KIDS_BEGINS_MANIAC,JYP,035900.KQ,Stray Kids,,concert,world_tour_start,Stray Kids begins Maniac world tour in Seoul,Stray Kids 於首爾展開 Maniac 世界巡演,스트레이 키즈 Maniac 월드투어 서울 공연 시작,2022-04-29,2022-04-29,2022-05-13,15,3,14,positive,4.0,B_media,https://en.wikipedia.org/wiki/Maniac_World_Tour,,Tour start event for MANIAC world tour.,Elisa,completed
STRAY_KIDS_20230822_FELIX_BRAND_AMBASSADOR_FELIX_BECOMES_LOUIS_VU,JYP,035900.KQ,Stray Kids,Felix,activity,brand_ambassador,Felix becomes Louis Vuitton House Ambassador,Felix 成為 Louis Vuitton 品牌大使,필릭스 루이비통 하우스 앰버서더 선정,2023-08-22,2023-08-22,2023-09-05,15,3,14,positive,4.0,B_media,https://www.lofficielusa.com/fashion/stray-kids-felix-louis-vuitton-house-ambassador,,Major fashion activity and luxury-brand endorsement for Felix.,Elisa,completed
STRAY_KIDS_20230816_NAN_DOME_TOUR_START_STRAY_KIDS_BEGINS_5_STAR_,JYP,035900.KQ,Stray Kids,,concert,dome_tour_start,Stray Kids begins 5-Star Dome Tour,Stray Kids 展開 5-Star Dome Tour,스트레이 키즈 5-Star Dome Tour 시작,2023-08-16,2023-08-16,2023-08-30,15,3,14,positive,4.0,B_media,https://en.wikipedia.org/wiki/5-Star_Dome_Tour,,Japan/Korea dome tour event indicating strong live-performance demand.,Elisa,completed
STRAY_KIDS_20240712_NAN_FESTIVAL_HEADLINER_STRAY_KIDS_HEADLINES_I,JYP,035900.KQ,Stray Kids,,concert,festival_headliner,Stray Kids headlines I-Days Milano,Stray Kids 擔任 I-Days Milano 壓軸演出,스트레이 키즈 I-Days Milano 헤드라이너 공연,2024-07-12,2024-07-12,2024-07-26,15,3,14,positive,4.0,B_media,https://www.i-days.it/en/event/stray-kids,,European festival headliner performance in 2024.,Elisa,completed
STRAY_KIDS_20240714_NAN_FESTIVAL_HEADLINER_STRAY_KIDS_HEADLINES_B,JYP,035900.KQ,Stray Kids,,concert,festival_headliner,Stray Kids headlines BST Hyde Park,Stray Kids 擔任 BST Hyde Park 壓軸演出,스트레이 키즈 BST Hyde Park 헤드라이너 공연,2024-07-14,2024-07-14,2024-07-28,15,3,14,positive,4.0,B_media,https://www.timeout.com/london/news/stray-kids-at-bst-hyde-park-2024-timings-and-everything-you-need-to-know-071224,,"Stray Kids performed as BST Hyde Park headliner on July 14, 2024.",Elisa,completed
STRAY_KIDS_20240718_NAN_CONTRACT_RENEWAL_ALL_EIGHT_STRAY_KIDS_MEM,JYP,035900.KQ,Stray Kids,,contract_member,contract_renewal,All eight Stray Kids members renew contracts with JYP Entertainment,Stray Kids 八名成員全員與 JYP Entertainment 續約,스트레이 키즈 전원 JYP엔터테인먼트와 재계약,2024-07-18,2024-07-18,2024-08-01,15,3,14,positive,5.0,B_media,https://www.teenvogue.com/story/stray-kids-members-renew-contracts-with-jyp-entertainment-early,,"All eight members renewed contracts ahead of 2025 expiration, reducing continuity risk.",Elisa,completed
STRAY_KIDS_20240802_NAN_FESTIVAL_HEADLINER_STRAY_KIDS_HEADLINES_L,JYP,035900.KQ,Stray Kids,,concert,festival_headliner,Stray Kids headlines Lollapalooza Chicago,Stray Kids 擔任 Lollapalooza Chicago 壓軸演出,스트레이 키즈 Lollapalooza Chicago 헤드라이너 공연,2024-08-02,2024-08-02,2024-08-16,15,3,14,positive,4.0,B_media,https://pitchfork.com/news/sza-tyler-the-creator-blink-182-to-headline-lollapalooza-2024/,,Stray Kids listed among Lollapalooza 2024 headliners.,Elisa,completed
STRAY_KIDS_20240824_NAN_WORLD_TOUR_START_STRAY_KIDS_BEGINS_DOMINA,JYP,035900.KQ,Stray Kids,,concert,world_tour_start,Stray Kids begins dominATE world tour in Seoul,Stray Kids 於首爾展開 dominATE 世界巡演,스트레이 키즈 dominATE 월드투어 서울 공연 시작,2024-08-24,2024-08-24,2024-09-07,15,3,14,positive,5.0,B_media,https://en.wikipedia.org/wiki/Dominate_World_Tour,,dominATE world tour began in Seoul on 2024-08-24 and extended through 2025.,Elisa,completed
STRAY_KIDS_20240724_BANG_CHAN_CHANGBIN_HAN_SOUNDTRACK_RELEASE_3RA,JYP,035900.KQ,Stray Kids,"Bang Chan, Changbin, Han",activity,soundtrack_release,3RACHA contributes Slash to Deadpool & Wolverine soundtrack,3RACHA 參與 Deadpool & Wolverine 原聲帶 Slash,쓰리라차 Deadpool & Wolverine OST Slash 참여,2024-07-24,2024-07-24,2024-08-07,15,3,14,positive,3.0,B_media,https://www.billboard.com/music/music-news/deadpool-wolverine-soundtrack-stray-kids-slash-1235737477/,,Cross-media global activity connected to a major Hollywood film soundtrack.,Elisa,completed
STRAY_KIDS_20241118_NAN_STADIUM_DATES_ANNOUNCEMENT_STRAY_KIDS_ANN,JYP,035900.KQ,Stray Kids,,concert,stadium_dates_announcement,Stray Kids announces 20 new stadium dates for 2025 dominATE tour,Stray Kids 宣布 dominATE 巡演 2025 年 20 場新體育場場次,스트레이 키즈 2025 dominATE 스타디움 추가 공연 발표,2024-11-18,2024-11-18,2024-12-02,15,3,14,positive,5.0,B_media,https://www.billboard.com/music/pop/stray-kids-20-new-stadium-dates-2025-dominate-world-tour-1235832006/,,"Announcement of 20 new 2025 stadium dates, strong signal of global concert demand.",Elisa,completed
STRAY_KIDS_20250528_NAN_STADIUM_CONCERT_STRAY_KIDS_PERFORMS_DOMIN,JYP,035900.KQ,Stray Kids,,concert,stadium_concert,Stray Kids performs dominATE concert at Oracle Park San Francisco,Stray Kids 於舊金山 Oracle Park 舉辦 dominATE 演唱會,스트레이 키즈 샌프란시스코 Oracle Park dominATE 공연,2025-05-28,2025-05-28,2025-06-11,15,3,14,positive,4.0,B_media,https://www.sfchronicle.com/entertainment/article/stray-kids-oracle-park-concert-20350152.php,,2025 North American stadium concert; useful for recent-period traffic.,Elisa,completed
STRAY_KIDS_20250727_NAN_SOLD_OUT_STADIUM_CONCERT_STRAY_KIDS_PERFO,JYP,035900.KQ,Stray Kids,,concert,sold_out_stadium_concert,Stray Kids performs sold-out dominATE concerts at Stade de France,Stray Kids 於法國體育場舉辦售罄 dominATE 演唱會,스트레이 키즈 Stade de France 매진 dominATE 공연,2025-07-27,2025-07-27,2025-08-10,15,3,14,positive,4.0,B_media,https://www.lemonde.fr/en/culture/article/2025/07/28/k-pop-boy-band-stray-kids-light-up-paris-with-well-oiled-show-and-adoring-fans_6743808_30.html,,Le Monde reported sold-out Stade de France concerts during the 2025 dominATE tour.,Elisa,completed
NCT_20210825_LUCAS_PRIVATE_LIFE_CONTROVERSY_LUCAS_APOLOGIZ,SM,041510.KQ,NCT,Lucas,PR_crisis,private_life_controversy,Lucas apologizes and halts activities after private-life controversy,Lucas 因私生活爭議道歉並暫停活動,루카스 사생활 논란 사과 및 활동 중단,2021-08-25,2021-08-25,2021-09-08,15,3,14,negative,5.0,B_media,https://www.teenvogue.com/story/lucas-wayv-apologized-for-irresponsible-behavior-after-cheating-allegations,,Lucas apologized after cheating/gaslighting allegations and halted activities; affects NCT/WayV member reputation.,Elisa,completed
NCT_20211217_NAN_OFFLINE_CONCERT_START_NCT_127_BEGINS_NEO_,SM,041510.KQ,NCT,,concert,offline_concert_start,NCT 127 begins Neo City The Link tour in Seoul,NCT 127 於首爾展開 Neo City The Link 巡演,NCT 127 Neo City The Link 서울 공연 시작,2021-12-17,2021-12-17,2021-12-31,15,3,14,positive,4.0,B_media,https://en.wikipedia.org/wiki/Neo_City_%E2%80%93_The_Link,,NCT 127's concert tour start after pandemic-era restrictions.,Elisa,completed
NCT_20220908_NAN_WORLD_TOUR_START_NCT_DREAM_BEGINS_THE_DRE,SM,041510.KQ,NCT,,concert,world_tour_start,NCT DREAM begins The Dream Show 2 tour in Seoul,NCT DREAM 於首爾展開 The Dream Show 2 巡演,NCT DREAM The Dream Show 2 서울 공연 시작,2022-09-08,2022-09-08,2022-09-22,15,3,14,positive,4.0,B_media,https://en.wikipedia.org/wiki/The_Dream_Show_2:_In_A_Dream,,NCT DREAM's major world tour start.,Elisa,completed
NCT_20230826_NAN_GROUP_CONCERT_START_NCT_BEGINS_NCT_NATION,SM,041510.KQ,NCT,,concert,group_concert_start,NCT begins NCT NATION To The World concert series,NCT 展開 NCT NATION To The World 演唱會,NCT NATION To The World 공연 시작,2023-08-26,2023-08-26,2023-09-09,15,3,14,positive,4.0,B_media,https://en.wikipedia.org/wiki/NCT_Nation:_To_the_World,,"Full-brand NCT concert series, useful for group-level traffic.",Elisa,completed
NCT_20230510_LUCAS_MEMBER_DEPARTURE_LUCAS_LEAVES_NCT_AND_W,SM,041510.KQ,NCT,Lucas,contract_member,member_departure,Lucas leaves NCT and WayV,Lucas 退出 NCT 與 WayV,루카스 NCT 및 WayV 탈퇴,2023-05-10,2023-05-10,2023-05-24,15,3,14,mixed,5.0,B_media,https://www.soompi.com/article/1585612wpp/sm-announces-lucas-to-leave-nct-and-wayv,,Member departure after long activity hiatus; coded as contract/member structure event.,Elisa,completed
NCT_20231117_NAN_TOUR_START_NCT_127_BEGINS_NEO_CITY_THE_UN,SM,041510.KQ,NCT,,concert,tour_start,NCT 127 begins Neo City The Unity tour in Seoul,NCT 127 於首爾展開 Neo City The Unity 巡演,NCT 127 Neo City The Unity 서울 공연 시작,2023-11-17,2023-11-17,2023-12-01,15,3,14,positive,4.0,B_media,https://en.wikipedia.org/wiki/Neo_City_%E2%80%93_The_Unity,,NCT 127 third tour start in Seoul; continued through 2024.,Elisa,completed
NCT_20240221_NAN_NEW_UNIT_DEBUT_NCT_WISH_DEBUTS_AS_THE_FIN,SM,041510.KQ,NCT,,activity,new_unit_debut,NCT WISH debuts as the final NCT unit,NCT WISH 作為 NCT 最終小分隊出道,NCT WISH NCT 마지막 유닛으로 데뷔,2024-02-21,2024-02-21,2024-03-06,15,3,14,positive,4.0,B_media,https://en.wikipedia.org/wiki/NCT_Wish,,New NCT sub-unit debut; categorized as activity / group expansion.,Elisa,completed
NCT_20240422_DOYOUNG_SOLO_ACTIVITY_DOYOUNG_BEGINS_SOLO_ART,SM,041510.KQ,NCT,Doyoung,activity,solo_activity,Doyoung begins solo artist activities with Youth,Doyoung 以 Youth 展開個人歌手活動,도영 Youth로 솔로 활동 시작,2024-04-22,2024-04-22,2024-05-06,15,3,14,positive,3.0,B_media,https://en.wikipedia.org/wiki/Youth_(Doyoung_album),,NCT member solo activity; useful for individual-member traffic.,Elisa,completed
NCT_20240502_NAN_WORLD_TOUR_START_NCT_DREAM_BEGINS_THE_DRE,SM,041510.KQ,NCT,,concert,world_tour_start,NCT DREAM begins The Dream Show 3 world tour in Seoul,NCT DREAM 於首爾展開 The Dream Show 3 世界巡演,NCT DREAM The Dream Show 3 서울 공연 시작,2024-05-02,2024-05-02,2024-05-16,15,3,14,positive,4.0,A_official,https://weverse.io/nctdream/notice/17743,,Official notice lists Seoul dates for The Dream Show 3.,Elisa,completed
NCT_20240604_JOHNNY_HAECHAN_RUMOR_DENIAL_SM_DENIES_RUMORS_,SM,041510.KQ,NCT,"Johnny, Haechan",PR_crisis,rumor_denial,SM denies rumors involving Johnny and Haechan,SM 否認 Johnny 與 Haechan 相關負面傳聞,SM 조니 해찬 관련 루머 부인,2024-06-04,2024-06-04,2024-06-18,15,3,14,negative,4.0,B_media,https://timesofindia.indiatimes.com/entertainment/k-pop/music/news/girl-linked-to-ncts-haechan-and-johnny-breaks-silence-on-recent-prostitution-allegations/articleshow/110735736.cms,,SM denied allegations and rumor spread involving Johnny and Haechan; coded as PR crisis / denial.,Elisa,completed
NCT_20240828_TAEIL_CRIMINAL_ALLEGATION_MEMBER_REMOVED_TAEI,SM,041510.KQ,NCT,Taeil,PR_crisis,criminal_allegation_member_removed,Taeil is removed from NCT after sexual offense allegations,Taeil 因性犯罪指控被移出 NCT,태일 성범죄 혐의로 NCT 탈퇴,2024-08-28,2024-08-28,2024-09-11,15,3,14,negative,5.0,B_media,https://people.com/taeil-removed-from-nct-for-unspecified-sexual-crime-8703636,,Major PR crisis; SM removed Taeil from NCT after allegations and police investigation.,Elisa,completed
NCT_20240828_TAEIL_MEMBER_REMOVED_TAEIL_S_REMOVAL_CHANGES_,SM,041510.KQ,NCT,Taeil,contract_member,member_removed,Taeil's removal changes NCT member structure,Taeil 被移出後改變 NCT 成員結構,태일 탈퇴로 NCT 멤버 구조 변화,2024-08-28,2024-08-28,2024-09-11,15,3,14,negative,5.0,B_media,https://www.teenvogue.com/story/taeil-leaves-nct-following-sexual-offense-allegations,,Same event coded from member-structure perspective; can be reviewed later if duplicate concern arises.,Elisa,completed
NCT_20250118_NAN_WORLD_TOUR_START_NCT_127_BEGINS_NEO_CITY_,SM,041510.KQ,NCT,,concert,world_tour_start,NCT 127 begins Neo City The Momentum tour in Seoul,NCT 127 於首爾展開 Neo City The Momentum 巡演,NCT 127 Neo City The Momentum 서울 공연 시작,2025-01-18,2025-01-18,2025-02-01,15,3,14,positive,4.0,A_official,https://weverse.io/nct127/notice/23429,,Official schedule for NCT 127 4th tour NEO CITY - THE MOMENTUM.,Elisa,completed
NCT_20250407_MARK_SOLO_ACTIVITY_MARK_BEGINS_SOLO_ACTIVITIE,SM,041510.KQ,NCT,Mark,activity,solo_activity,Mark begins solo activities with The Firstfruit,Mark 以 The Firstfruit 展開個人活動,마크 The Firstfruit로 솔로 활동 시작,2025-04-07,2025-04-07,2025-04-21,15,3,14,positive,3.0,B_media,https://en.wikipedia.org/wiki/The_Firstfruit,,NCT member Mark's solo activity in 2025.,Elisa,completed
NCT_20250710_NAN_WORLD_TOUR_START_NCT_DREAM_BEGINS_THE_DRE,SM,041510.KQ,NCT,,concert,world_tour_start,NCT DREAM begins The Dream Show 4 in Seoul,NCT DREAM 於首爾展開 The Dream Show 4,NCT DREAM The Dream Show 4 서울 공연 시작,2025-07-10,2025-07-10,2025-07-24,15,3,14,positive,4.0,A_official,https://weverse.io/nctdream/notice/26938,,"Official notice lists July 10-12, 2025 Gocheok Sky Dome concerts.",Elisa,completed
EXO_20220928_CHANYEOL_MILITARY_DISCHARGE_ACTIVITY_RETURN_C,SM,041510.KQ,EXO,Chanyeol,activity,military_discharge_activity_return,Chanyeol is discharged from military service and prepares to resume activities,Chanyeol 退伍並準備恢復活動,찬열 군 전역 후 활동 재개 준비,2022-09-28,2022-09-28,2022-10-12,15,3,14,positive,3.0,B_media,https://www.soompi.com/article/1548316wpp/exos-chanyeol-discharged-from-the-military,,Member return event; coded as activity because it affects EXO member availability.,Elisa,completed
EXO_20230601_CHEN_BAEKHYUN_XIUMIN_CONTRACT_TERMINATION_NOT,SM,041510.KQ,EXO,"Chen, Baekhyun, Xiumin",contract_member,contract_termination_notice,"Chen, Baekhyun, and Xiumin notify SM of contract termination",Chen、Baekhyun、Xiumin 通知 SM 解約,첸 백현 시우민 SM 전속계약 해지 통보,2023-06-01,2023-06-01,2023-06-15,15,3,14,negative,5.0,B_media,https://www.soompi.com/article/1590208wpp/exos-baekhyun-xiumin-and-chen-notify-sm-of-contract-termination,,Major contract dispute involving EXO-CBX and SM Entertainment.,Elisa,completed
EXO_20230619_CHEN_BAEKHYUN_XIUMIN_CONTRACT_DISPUTE_SETTLEM,SM,041510.KQ,EXO,"Chen, Baekhyun, Xiumin",contract_member,contract_dispute_settlement,EXO-CBX and SM resolve contract dispute and maintain contracts,EXO-CBX 與 SM 解決合約爭議並維持合約,엑소 첸백시와 SM 계약 분쟁 합의,2023-06-19,2023-06-19,2023-07-03,15,3,14,positive,5.0,B_media,https://www.soompi.com/article/1593203wpp/sm-and-exos-baekhyun-xiumin-and-chen-resolve-contract-dispute,,Follow-up contract event; dispute was resolved through discussion.,Elisa,completed
EXO_20230511_KAI_MEMBER_ENLISTMENT_KAI_BEGINS_MANDATORY_MI,SM,041510.KQ,EXO,Kai,contract_member,member_enlistment,Kai begins mandatory military service,Kai 入伍服役,카이 군 입대,2023-05-11,2023-05-11,2023-05-25,15,3,14,mixed,4.0,B_media,https://www.soompi.com/article/1584720wpp/exos-kai-announces-sudden-military-enlistment-date-in-heartfelt-letter,,Member-availability event; coded under contract_member rather than separate military category.,Elisa,completed
EXO_20231018_D_O_AGENCY_DEPARTURE_SOLO_MANAGEMENT_D_O_LEAV,SM,041510.KQ,EXO,D.O.,contract_member,agency_departure_solo_management,D.O. leaves SM for solo activities while remaining in EXO,D.O. 離開 SM 個人活動管理但保留 EXO 活動,"디오 SM 떠나 개인 활동 독립, EXO 활동 지속",2023-10-18,2023-10-18,2023-11-01,15,3,14,mixed,4.0,B_media,https://www.lofficielsingapore.com/culture/exo-d-o-do-kyung-soo-parting-ways-with-sm-entertainment-after-13-years-kpop,,Member contract/management change; D.O. continued EXO activities under SM while managing solo work separately.,Elisa,completed
EXO_20240414_NAN_FAN_MEETING_EXO_HOLDS_2024_EXO_FAN_MEETIN,SM,041510.KQ,EXO,,concert,fan_meeting,EXO holds 2024 EXO FAN MEETING: ONE,EXO 舉辦 2024 EXO FAN MEETING: ONE,EXO 2024 EXO FAN MEETING: ONE 개최,2024-04-14,2024-04-14,2024-04-28,15,3,14,positive,4.0,A_official,https://weverse.io/exo/notice/17854,,Official EXO fan meeting at INSPIRE Arena with livestream option.,Elisa,completed
EXO_20240610_CHEN_BAEKHYUN_XIUMIN_AGENCY_CONFLICT_PRESS_CO,SM,041510.KQ,EXO,"Chen, Baekhyun, Xiumin",PR_crisis,agency_conflict_press_conference,EXO-CBX agency holds press conference against SM Entertainment,EXO-CBX 所屬公司召開記者會控訴 SM,엑소 첸백시 소속사 SM 상대로 기자회견,2024-06-10,2024-06-10,2024-06-24,15,3,14,negative,5.0,B_media,https://koreajoongangdaily.joins.com/news/2024-06-10/entertainment/kpop/EXOCBX-agency-declares-war-against-SM-Entertainment-over-distribution-royalties/2065232,,Public conflict between EXO-CBX's agency INB100 and SM over distribution royalties.,Elisa,completed
EXO_20240610_CHEN_BAEKHYUN_XIUMIN_CONTRACT_DISPUTE_REIGNIT,SM,041510.KQ,EXO,"Chen, Baekhyun, Xiumin",contract_member,contract_dispute_reignites,SM and EXO-CBX clash again over contract and distribution terms,SM 與 EXO-CBX 再度因合約與分潤條款爭執,SM과 엑소 첸백시 계약 및 유통 조건 갈등 재점화,2024-06-10,2024-06-10,2024-06-24,15,3,14,negative,5.0,B_media,https://www.koreatimes.co.kr/entertainment/k-pop/20240610/no-rights-without-responsibilities-exo-cbx-sm-clash-again-after-1-year,,Same conflict coded from contract/member-structure perspective; review later if duplicate concern arises.,Elisa,completed
EXO_20240316_BAEKHYUN_SOLO_CONCERT_TOUR_BAEKHYUN_BEGINS_LO,SM,041510.KQ,EXO,Baekhyun,activity,solo_concert_tour,Baekhyun begins Lonsdaleite solo Asia tour,Baekhyun 展開 Lonsdaleite 個人亞洲巡演,백현 Lonsdaleite 솔로 아시아 투어 시작,2024-03-16,2024-03-16,2024-03-30,15,3,14,positive,3.0,B_media,https://en.wikipedia.org/wiki/Lonsdaleite_(concert_tour),,"EXO member solo concert activity, relevant for member-level traffic.",Elisa,completed
EXO_20240525_SUHO_SOLO_CONCERT_TOUR_SUHO_BEGINS_SU_HOME_SO,SM,041510.KQ,EXO,Suho,activity,solo_concert_tour,Suho begins SU:HOME solo concert tour,Suho 展開 SU:HOME 個人演唱會巡演,수호 SU:HOME 솔로 콘서트 투어 시작,2024-05-25,2024-05-25,2024-06-08,15,3,14,positive,3.0,B_media,https://en.wikipedia.org/wiki/Su:Home,,EXO member solo concert activity in 2024.,Elisa,completed
EXO_20240906_CHANYEOL_SOLO_CONCERT_TOUR_CHANYEOL_BEGINS_CI,SM,041510.KQ,EXO,Chanyeol,activity,solo_concert_tour,Chanyeol begins City-scape solo live tour,Chanyeol 展開 City-scape 個人巡演,찬열 City-scape 솔로 라이브 투어 시작,2024-09-06,2024-09-06,2024-09-20,15,3,14,positive,3.0,B_media,https://en.wikipedia.org/wiki/City-scape,,EXO member solo concert activity in late 2024.,Elisa,completed
EXO_20250210_KAI_MILITARY_DISCHARGE_ACTIVITY_RETURN_KAI_IS,SM,041510.KQ,EXO,Kai,activity,military_discharge_activity_return,Kai is discharged from military service and prepares solo activities,Kai 退伍並準備恢復個人活動,카이 군 전역 후 솔로 활동 준비,2025-02-10,2025-02-10,2025-02-24,15,3,14,positive,3.0,B_media,https://timesofindia.indiatimes.com/entertainment/k-pop/music/news/exos-kai-all-ready-to-step-back-into-the-limelight-says-he-was-physically-tired-after-military-service/articleshow/121186863.cms,,Member return and activity resumption after military service.,Elisa,completed
EXO_20250517_KAI_SOLO_CONCERT_KAI_BEGINS_2025_KAION_SOLO_C,SM,041510.KQ,EXO,Kai,concert,solo_concert,Kai begins 2025 KAION solo concert tour in Seoul,Kai 於首爾展開 2025 KAION 個人演唱會,카이 2025 KAION 서울 솔로 콘서트 시작,2025-05-17,2025-05-17,2025-05-31,15,3,14,positive,4.0,A_official,https://weverse.io/exo/notice/25588,,Official Weverse notice lists Kai solo concert dates in Seoul.,Elisa,completed
EXO_20250923_CHEN_BAEKHYUN_XIUMIN_SETTLEMENT_FAILURE_SM_AN,SM,041510.KQ,EXO,"Chen, Baekhyun, Xiumin",contract_member,settlement_failure,SM and EXO-CBX fail to reach settlement in contract dispute,SM 與 EXO-CBX 合約糾紛未能達成和解,SM과 엑소 첸백시 계약 분쟁 조정 실패,2025-09-23,2025-09-23,2025-10-07,15,3,14,negative,5.0,B_media,https://www.koreaherald.com/article/10581849,,Court/settlement-related contract dispute update; relevant to group continuity uncertainty.,Elisa,completed
EXO_20251029_CHEN_BAEKHYUN_XIUMIN_FAN_MEETING_ABSENCE_EXO_,SM,041510.KQ,EXO,"Chen, Baekhyun, Xiumin",PR_crisis,fan_meeting_absence,EXO-CBX will not attend upcoming EXO fan meeting amid SM negotiations,EXO-CBX 因與 SM 協商未定而不出席 EXO 粉絲見面會,엑소 첸백시 SM 협상 중 팬미팅 불참 발표,2025-10-29,2025-10-29,2025-11-12,15,3,14,negative,4.0,B_media,https://timesofindia.indiatimes.com/entertainment/k-pop/music/news/exos-chenbaekxi-addresses-absence-in-fan-meet-amid-sm-negotiations-promises-full-group-activities-soon/articleshow/124902055.cms,,Recent PR/continuity issue within research window; useful for 2025 data balance.,Elisa,completed
BIGBANG_20220207_T_O_P_AGENCY_DEPARTURE_T_O_P_LEAVES_YG_ENTERT,YG,122870.KQ,BIGBANG,T.O.P,contract_member,agency_departure,T.O.P leaves YG Entertainment after his exclusive contract expires,T.O.P 專屬合約到期後離開 YG Entertainment,탑 전속계약 만료 후 YG엔터테인먼트 떠남,2022-02-07,2022-02-07,2022-02-21,15,3,14,mixed,4.0,B_media,https://en.as.com/entertainment/top-from-k-pop-boy-band-bigbang-has-officially-left-the-group-n/,,T.O.P left YG after contract expiration while BIGBANG was preparing for Still Life.,Elisa,completed
BIGBANG_20220405_NAN_GROUP_COMEBACK_ACTIVITY_BIGBANG_RETURNS_W,YG,122870.KQ,BIGBANG,,activity,group_comeback_activity,BIGBANG returns with Still Life after a four-year hiatus,BIGBANG 時隔四年以 Still Life 回歸,빅뱅 4년 만에 Still Life로 복귀,2022-04-05,2022-04-05,2022-04-19,15,3,14,positive,5.0,B_media,https://www.rollingstone.com/music/music-features/big-bang-still-life-new-song-1332629/,,"Although comeback is not a main category, this is coded as activity because it marks group-level public activity after hiatus.",Elisa,completed
BIGBANG_20230531_T_O_P_MEMBER_DEPARTURE_CONFIRMED_T_O_P_CONFIR,YG,122870.KQ,BIGBANG,T.O.P,contract_member,member_departure_confirmed,T.O.P confirms departure from BIGBANG,T.O.P 確認退出 BIGBANG,탑 BIGBANG 탈퇴 확인,2023-05-31,2023-05-31,2023-06-14,15,3,14,mixed,5.0,B_media,https://en.as.com/entertainment/top-from-k-pop-boy-band-bigbang-has-officially-left-the-group-n/,,"T.O.P publicly confirmed his withdrawal from BIGBANG, affecting member structure.",Elisa,completed
BIGBANG_20231106_G_DRAGON_DRUG_ALLEGATION_INVESTIGATION_G_DRAG,YG,122870.KQ,BIGBANG,G-Dragon,PR_crisis,drug_allegation_investigation,G-Dragon appears before police over alleged drug use,G-Dragon 因涉嫌藥物使用接受警方調查,지드래곤 마약 투약 의혹 경찰 출석,2023-11-06,2023-11-06,2023-11-20,15,3,14,negative,5.0,B_media,https://www.reuters.com/world/asia-pacific/k-pop-star-questioned-by-south-korea-police-alleged-drug-use-2023-11-06/,,Major PR crisis involving police questioning over alleged drug use.,Elisa,completed
BIGBANG_20231219_G_DRAGON_DRUG_ALLEGATION_CLEARED_G_DRAGON_IS_,YG,122870.KQ,BIGBANG,G-Dragon,PR_crisis,drug_allegation_cleared,G-Dragon is cleared of drug allegations,G-Dragon 藥物疑雲獲警方釐清,지드래곤 마약 의혹 무혐의,2023-12-19,2023-12-19,2024-01-02,15,3,14,positive,4.0,B_media,https://www.reuters.com/lifestyle/k-pop-star-g-dragon-cleared-drug-allegations-media-2023-12-20/,,Follow-up PR event after police reportedly cleared G-Dragon of allegations.,Elisa,completed
BIGBANG_20231221_G_DRAGON_AGENCY_TRANSFER_G_DRAGON_JOINS_GALAX,YG,122870.KQ,BIGBANG,G-Dragon,contract_member,agency_transfer,G-Dragon joins Galaxy Corporation after leaving YG,G-Dragon 離開 YG 後加入 Galaxy Corporation,지드래곤 YG 떠난 후 갤럭시코퍼레이션 합류,2023-12-21,2023-12-21,2024-01-04,15,3,14,mixed,4.0,B_media,https://people.com/bigbang-g-dragon-north-american-european-tour-11755015,,Member agency transition after YG contract period; affects BIGBANG-related member management.,Elisa,completed
BIGBANG_20240305_DAESUNG_SOLO_ACTIVITY_DAESUNG_EXPANDS_SOLO_AC,YG,122870.KQ,BIGBANG,Daesung,activity,solo_activity,Daesung expands solo activities after leaving YG,Daesung 離開 YG 後拓展個人活動,대성 YG 떠난 후 솔로 활동 확대,2024-03-05,2024-03-05,2024-03-19,15,3,14,positive,3.0,B_media,https://en.wikipedia.org/wiki/Daesung,,Solo activity event used because BIGBANG group-level events are limited in 2024.,Elisa,completed
BIGBANG_20240601_G_DRAGON_BRAND_EVENT_G_DRAGON_RESUMES_MAJOR_P,YG,122870.KQ,BIGBANG,G-Dragon,activity,brand_event,G-Dragon resumes major public activities after drug allegation clearance,G-Dragon 藥物疑雲釐清後恢復主要公開活動,지드래곤 무혐의 이후 주요 공개 활동 재개,2024-06-01,2024-06-01,2024-06-15,15,3,14,positive,3.0,B_media,https://www.straitstimes.com/life/entertainment/k-pop-star-g-dragon-cleared-drug-allegations,,Activity-resumption event following late-2023 PR crisis; keep as candidate if stronger source is found.,Elisa,needs_review
BIGBANG_20241123_G_DRAGON_TAEYANG_DAESUNG_REUNION_STAGE_G_DRAG,YG,122870.KQ,BIGBANG,"G-Dragon, Taeyang, Daesung",activity,reunion_stage,"G-Dragon, Taeyang, and Daesung reunite on stage",G-Dragon、Taeyang、Daesung 同台演出,지드래곤 태양 대성 무대 재회,2024-11-23,2024-11-23,2024-12-07,15,3,14,positive,4.0,B_media,https://en.wikipedia.org/wiki/2024_MAMA_Awards,,BIGBANG members appeared together at a major award-stage context; useful recent group-related traffic.,Elisa,completed
BIGBANG_20241226_T_O_P_ACTING_RETURN_T_O_P_RETURNS_TO_ACTING_T,YG,122870.KQ,BIGBANG,T.O.P,activity,acting_return,T.O.P returns to acting through Squid Game Season 2,T.O.P 透過《魷魚遊戲 2》重返影視活動,탑 오징어 게임 시즌2로 연기 활동 복귀,2024-12-26,2024-12-26,2025-01-09,15,3,14,mixed,4.0,B_media,https://www.businessinsider.com/squid-game-thanos-fate-choi-seung-hyun-top-2024-12,,T.O.P's acting comeback generated public attention connected to former BIGBANG member reputation.,Elisa,completed
BIGBANG_20250329_G_DRAGON_SOLO_WORLD_TOUR_START_G_DRAGON_BEGIN,YG,122870.KQ,BIGBANG,G-Dragon,concert,solo_world_tour_start,G-Dragon begins 2025 Übermensch world tour,G-Dragon 展開 2025 Übermensch 世界巡演,지드래곤 2025 Übermensch 월드투어 시작,2025-03-29,2025-03-29,2025-04-12,15,3,14,positive,4.0,B_media,https://people.com/bigbang-g-dragon-north-american-european-tour-11755015,,G-Dragon's first major world tour cycle in years; coded as concert under BIGBANG member-related events.,Elisa,completed
BIGBANG_20250623_G_DRAGON_NORTH_AMERICA_EUROPE_TOUR_ANNOUNCEME,YG,122870.KQ,BIGBANG,G-Dragon,concert,north_america_europe_tour_announcement,G-Dragon announces North America and Europe legs of 2025 Übermensch tour,G-Dragon 宣布 2025 Übermensch 北美與歐洲巡演,지드래곤 2025 Übermensch 북미 유럽 투어 발표,2025-06-23,2025-06-23,2025-07-07,15,3,14,positive,4.0,B_media,https://people.com/bigbang-g-dragon-north-american-european-tour-11755015,,Tour expansion announcement; useful for 2025 concert traffic.,Elisa,completed
BIGBANG_20250809_G_DRAGON_SEUNGRI_SUPPORT_SIGNS_CONTROVERSY_SI,YG,122870.KQ,BIGBANG,G-Dragon,PR_crisis,seungri_support_signs_controversy,Signs supporting Seungri at G-Dragon concert spark online debate,G-Dragon 演唱會出現支持 Seungri 標語引發網路爭議,지드래곤 공연 중 승리 지지 문구 논란,2025-08-09,2025-08-09,2025-08-23,15,3,14,negative,3.0,B_media,https://timesofindia.indiatimes.com/entertainment/k-pop/music/news/g-dragon-performs-in-hong-kong-signs-supporting-seungri-spark-debate-online/articleshow/123214800.cms,,PR-related online controversy connected to former BIGBANG member Seungri during G-Dragon's tour.,Elisa,completed
BIGBANG_20251101_G_DRAGON_TAIPEI_DOME_CONCERT_G_DRAGON_PERFORM,YG,122870.KQ,BIGBANG,G-Dragon,concert,taipei_dome_concert,G-Dragon performs 2025 Übermensch concerts at Taipei Dome,G-Dragon 於台北大巨蛋舉辦 2025 Übermensch 演唱會,지드래곤 2025 Übermensch 타이베이돔 공연,2025-11-01,2025-11-01,2025-11-15,15,3,14,positive,4.0,B_media,https://english.ftvnews.com.tw/news/2025B03W05EA,,Recent 2025 concert event in Taiwan; useful to balance late-period data.,Elisa,completed
BIGBANG_20251214_G_DRAGON_TOUR_CONCLUSION_G_DRAGON_CONCLUDES_2,YG,122870.KQ,BIGBANG,G-Dragon,concert,tour_conclusion,G-Dragon concludes 2025 Übermensch world tour,G-Dragon 結束 2025 Übermensch 世界巡演,지드래곤 2025 Übermensch 월드투어 종료,2025-12-14,2025-12-14,2025-12-28,15,3,14,positive,4.0,B_media,https://g-dragontour.com/,,Late-2025 concert-cycle endpoint; review date if official final-show date changes.,Elisa,needs_review
