event_type_final,event_day,AAR,CAAR
positive_activity,-10,0.000828775977211003,0.000828775977211003
positive_activity,-9,0.00015731223776690588,0.000986088214977909
positive_activity,-8,0.004815290963386367,0.005801379178364276
positive_activity,-7,0.001007579195768663,0.006808958374132939
positive_activity,-6,0.004999157481422472,0.011808115855555412
positive_activity,-5,-0.0023246100686844734,0.009483505786870938
positive_activity,-4,0.010589988153984502,0.02007349394085544
positive_activity,-3,0.003810779717931227,0.02388427365878667
positive_activity,-2,-0.006792779155141828,0.01709149450364484
positive_activity,-1,0.007186928061140024,0.024278422564784862
positive_activity,0,-0.00038714956735514435,0.02389127299742972
positive_activity,1,-0.0012933510884973573,0.02259792190893236
positive_activity,2,-0.00752835229106626,0.015069569617866102
positive_activity,3,-0.0021775126153426214,0.01289205700252348
positive_activity,4,0.0014989363502020514,0.014390993352725532
positive_activity,5,0.0038320687087810205,0.01822306206150655
positive_activity,6,-0.0011145982626867019,0.01710846379881985
positive_activity,7,-0.0008900755205827693,0.01621838827823708
positive_activity,8,0.0004680552340971047,0.016686443512334184
positive_activity,9,0.0006670612036701873,0.017353504716004373
positive_activity,10,-0.0003905364739556647,0.01696296824204871
positive_comeback,-10,-0.0011784968631838304,-0.0011784968631838304
positive_comeback,-9,-0.0012441375778470744,-0.002422634441030905
positive_comeback,-8,-0.009024828170991603,-0.011447462612022508
positive_comeback,-7,0.002466443085453423,-0.008981019526569085
positive_comeback,-6,0.004673380627253972,-0.004307638899315113
positive_comeback,-5,-0.0034430819135139496,-0.007750720812829062
positive_comeback,-4,0.00607066699679525,-0.0016800538160338125
positive_comeback,-3,-0.007248886582304347,-0.008928940398338159
positive_comeback,-2,-0.005969814533404944,-0.014898754931743103
positive_comeback,-1,0.001877830029174427,-0.013020924902568676
positive_comeback,0,0.0025601208704508958,-0.010460804032117781
positive_comeback,1,0.004637977083127855,-0.005822826948989925
positive_comeback,2,0.0005080383333023214,-0.005314788615687604
positive_comeback,3,0.0009737435265535258,-0.0043410450891340786
positive_comeback,4,-0.0004501297606552585,-0.004791174849789337
positive_comeback,5,-0.005808458896174466,-0.010599633745963802
positive_comeback,6,0.0014512681168821742,-0.009148365629081629
positive_comeback,7,0.002388024474783209,-0.006760341154298419
positive_comeback,8,-0.002584994140585766,-0.009345335294884185
positive_comeback,9,-0.0033659253761256012,-0.012711260671009786
positive_comeback,10,0.004803323539439859,-0.007907937131569927
positive_concert,-10,0.00023666498682299312,0.00023666498682299312
positive_concert,-9,-0.0019161012492412953,-0.0016794362624183022
positive_concert,-8,-0.00719563557828369,-0.008875071840701992
positive_concert,-7,-0.000708663559111769,-0.009583735399813761
positive_concert,-6,0.008269778966764398,-0.0013139564330493618
positive_concert,-5,0.00021898753477761295,-0.0010949688982717489
positive_concert,-4,0.0037140740090579882,0.0026191051107862396
positive_concert,-3,-0.007901648416795623,-0.005282543306009383
positive_concert,-2,0.003804089712245682,-0.0014784535937637016
positive_concert,-1,-0.001382052196066506,-0.0028605057898302075
positive_concert,0,0.001169663523692736,-0.0016908422661374718
positive_concert,1,0.007464375661275046,0.005773533395137574
positive_concert,2,-0.0011606118719349238,0.00461292152320265
positive_concert,3,0.0016515411146502408,0.0062644626378528905
positive_concert,4,0.001041275681215065,0.007305738319067955
positive_concert,5,-0.003809406758287206,0.0034963315607807496
positive_concert,6,0.0029995160035852634,0.006495847564366013
positive_concert,7,0.004130759739216501,0.010626607303582513
positive_concert,8,-0.003490205076739167,0.007136402226843347
positive_concert,9,-0.0045522067638385354,0.0025841954630048116
positive_concert,10,-0.0008705901539465226,0.001713605309058289
positive_resolution,-10,-0.005766762152253992,-0.005766762152253992
positive_resolution,-9,0.021915861997892687,0.016149099845638695
positive_resolution,-8,0.014137694417461138,0.030286794263099832
positive_resolution,-7,0.0027109485333442346,0.03299774279644407
positive_resolution,-6,-0.004017420209838862,0.028980322586605205
positive_resolution,-5,-0.010051590346453454,0.01892873224015175
positive_resolution,-4,-0.0029167887955235164,0.016011943444628234
positive_resolution,-3,0.008201420938170393,0.024213364382798627
positive_resolution,-2,-0.0020077531313169588,0.02220561125148167
positive_resolution,-1,0.004264274566198991,0.026469885817680658
positive_resolution,0,0.03374236625545272,0.060212252073133375
positive_resolution,1,0.014561523368780088,0.07477377544191346
positive_resolution,2,-0.02019978812010753,0.054573987321805933
positive_resolution,3,-0.008582318747908916,0.04599166857389702
positive_resolution,4,-0.01156252990868752,0.0344291386652095
positive_resolution,5,-0.009810907739738738,0.02461823092547076
positive_resolution,6,-0.00434162077079788,0.02027661015467288
positive_resolution,7,-0.004485588298657221,0.01579102185601566
positive_resolution,8,-0.001359446414558038,0.01443157544145762
positive_resolution,9,-0.0058668453999869375,0.008564730041470684
positive_resolution,10,-0.0033427575123662415,0.005221972529104443
negative_PR_crisis,-10,-0.0005977233136621495,-0.0005977233136621495
negative_PR_crisis,-9,0.003117500270027529,0.0025197769563653797
negative_PR_crisis,-8,-0.003082827131065699,-0.0005630501747003196
negative_PR_crisis,-7,-0.0003050657326072882,-0.0008681159073076078
negative_PR_crisis,-6,0.003255426289840068,0.00238731038253246
negative_PR_crisis,-5,0.0033408084309072264,0.005728118813439686
negative_PR_crisis,-4,-0.0027948758349687726,0.002933242978470914
negative_PR_crisis,-3,-0.00547073548738375,-0.0025374925089128356
negative_PR_crisis,-2,0.0017294281057955423,-0.0008080644031172933
negative_PR_crisis,-1,-0.002093872695570606,-0.0029019370986878993
negative_PR_crisis,0,0.003363698331255745,0.0004617612325678458
negative_PR_crisis,1,-0.0031642413617377534,-0.0027024801291699076
negative_PR_crisis,2,-0.0014852476482358167,-0.0041877277774057245
negative_PR_crisis,3,0.007677771155904823,0.0034900433784990983
negative_PR_crisis,4,0.0002647056673556567,0.003754749045854755
negative_PR_crisis,5,0.001169557135334381,0.004924306181189136
negative_PR_crisis,6,-0.0021871718514048116,0.0027371343297843244
negative_PR_crisis,7,0.0029074147057972233,0.005644549035581548
negative_PR_crisis,8,0.0005200077316870306,0.006164556767268578
negative_PR_crisis,9,-0.003102760121908844,0.0030617966453597343
negative_PR_crisis,10,0.0013693380539271589,0.004431134699286893
negative_contract_crisis,-10,-0.00190363521310304,-0.00190363521310304
negative_contract_crisis,-9,0.0006514461311331307,-0.0012521890819699095
negative_contract_crisis,-8,-0.0002506488379243893,-0.0015028379198942987
negative_contract_crisis,-7,-0.009300979262372935,-0.010803817182267233
negative_contract_crisis,-6,0.0014819310899034104,-0.009321886092363825
negative_contract_crisis,-5,0.0022130317514814763,-0.007108854340882348
negative_contract_crisis,-4,0.0018121318488729416,-0.0052967224920094065
negative_contract_crisis,-3,-0.01245018999839238,-0.017746912490401785
negative_contract_crisis,-2,0.00774711202342063,-0.009999800466981155
negative_contract_crisis,-1,-0.004079369668202401,-0.014079170135183557
negative_contract_crisis,0,-0.02506567243396742,-0.039144842569150975
negative_contract_crisis,1,-0.018328529576680155,-0.057473372145831134
negative_contract_crisis,2,-0.00686790363581948,-0.06434127578165061
negative_contract_crisis,3,0.0184441086218429,-0.04589716715980771
negative_contract_crisis,4,-0.006377682126019897,-0.05227484928582761
negative_contract_crisis,5,-0.0007778512476065878,-0.053052700533434194
negative_contract_crisis,6,-0.001338329629070568,-0.054391030162504767
negative_contract_crisis,7,0.0016140367336693502,-0.05277699342883541
negative_contract_crisis,8,0.0030252294341070497,-0.04975176399472837
negative_contract_crisis,9,-0.015126536431453813,-0.06487830042618217
negative_contract_crisis,10,0.0007713690898401629,-0.06410693133634202
dating,-10,0.00827804738079871,0.00827804738079871
dating,-9,-0.0012082800805477488,0.0070697673002509615
dating,-8,0.005177310017116448,0.012247077317367409
dating,-7,0.0018117076786125484,0.014058784995979958
dating,-6,-0.010526434842579653,0.0035323501534003047
dating,-5,0.016693063997362926,0.020225414150763232
dating,-4,-0.003194479707160134,0.017030934443603096
dating,-3,-0.00963501695679804,0.007395917486805055
dating,-2,-0.009612888023242018,-0.002216970536436963
dating,-1,-0.010558594080767363,-0.012775564617204326
dating,0,0.0006960756832677696,-0.012079488933936556
dating,1,-0.002926367153434919,-0.015005856087371474
dating,2,3.8151843904819636e-05,-0.014967704243466655
dating,3,-0.008423328571550906,-0.02339103281501756
dating,4,0.0006992836611855118,-0.02269174915383205
dating,5,-0.0015320770667514708,-0.02422382622058352
dating,6,0.0024332169307494152,-0.021790609289834104
dating,7,0.0004902539656580118,-0.021300355324176092
dating,8,0.004528165946527083,-0.01677218937764901
dating,9,0.0011098419236499556,-0.015662347453999054
dating,10,0.0038944380240213913,-0.011767909429977663
artist_transition,-10,-0.005903232717420143,-0.005903232717420143
artist_transition,-9,0.008504980197726312,0.0026017474803061687
artist_transition,-8,0.006147648762570866,0.008749396242877034
artist_transition,-7,-0.0016196299608463422,0.007129766282030693
artist_transition,-6,-0.003966548778847887,0.0031632175031828056
artist_transition,-5,-0.006109258897918847,-0.0029460413947360415
artist_transition,-4,-0.011474352319240627,-0.01442039371397667
artist_transition,-3,-0.007457399514563132,-0.0218777932285398
artist_transition,-2,-0.0005666684819846432,-0.022444461710524444
artist_transition,-1,-0.0062215821184291725,-0.028666043828953616
artist_transition,0,-0.006122996636832937,-0.034789040465786555
artist_transition,1,-0.021188002922959335,-0.05597704338874589
artist_transition,2,-0.02006879097070175,-0.07604583435944764
artist_transition,3,-0.012635810908133635,-0.08868164526758128
artist_transition,4,-0.014901346206069355,-0.10358299147365063
artist_transition,5,-0.01622711614121054,-0.11981010761486117
artist_transition,6,0.00936728645693873,-0.11044282115792244
artist_transition,7,-0.006246089628433298,-0.11668891078635574
artist_transition,8,-0.006203764107158305,-0.12289267489351405
artist_transition,9,-0.0071497181806916945,-0.13004239307420573
artist_transition,10,0.0035232454499786263,-0.1265191476242271
